grid_id,lon_center,lat_center
8,116.31912384200015,29.642195516189236
9,116.41912384200016,29.642195516189236
10,116.51912384200016,29.642195516189236
67,115.71912384200016,29.742195516189238
68,115.81912384200015,29.742195516189238
69,115.91912384200016,29.742195516189238
70,116.01912384200016,29.742195516189238
71,116.11912384200015,29.742195516189238
72,116.21912384200016,29.742195516189238
73,116.31912384200015,29.742195516189238
74,116.41912384200016,29.742195516189238
75,116.51912384200016,29.742195516189238
76,116.61912384200015,29.742195516189238
77,116.71912384200016,29.742195516189238
130,115.51912384200016,29.842195516189236
131,115.61912384200015,29.842195516189236
132,115.71912384200016,29.842195516189236
133,115.81912384200015,29.842195516189236
134,115.91912384200016,29.842195516189236
135,116.01912384200016,29.842195516189236
136,116.11912384200015,29.842195516189236
137,116.21912384200016,29.842195516189236
138,116.31912384200015,29.842195516189236
139,116.41912384200016,29.842195516189236
140,116.51912384200016,29.842195516189236
141,116.61912384200015,29.842195516189236
142,116.71912384200016,29.842195516189236
143,116.81912384200015,29.842195516189236
144,116.91912384200016,29.842195516189236
145,117.01912384200016,29.842195516189236
146,117.11912384200015,29.842195516189236
195,115.51912384200016,29.942195516189237
196,115.61912384200015,29.942195516189237
197,115.71912384200016,29.942195516189237
198,115.81912384200015,29.942195516189237
199,115.91912384200016,29.942195516189237
200,116.01912384200016,29.942195516189237
201,116.11912384200015,29.942195516189237
202,116.21912384200016,29.942195516189237
203,116.31912384200015,29.942195516189237
204,116.41912384200016,29.942195516189237
205,116.51912384200016,29.942195516189237
206,116.61912384200015,29.942195516189237
207,116.71912384200016,29.942195516189237
208,116.81912384200015,29.942195516189237
209,116.91912384200016,29.942195516189237
210,117.01912384200016,29.942195516189237
211,117.11912384200015,29.942195516189237
212,117.21912384200016,29.942195516189237
218,117.81912384200015,29.942195516189237
219,117.91912384200016,29.942195516189237
260,115.51912384200016,30.042195516189235
261,115.61912384200015,30.042195516189235
262,115.71912384200016,30.042195516189235
263,115.81912384200015,30.042195516189235
264,115.91912384200016,30.042195516189235
265,116.01912384200016,30.042195516189235
266,116.11912384200015,30.042195516189235
267,116.21912384200016,30.042195516189235
268,116.31912384200015,30.042195516189235
269,116.41912384200016,30.042195516189235
270,116.51912384200016,30.042195516189235
271,116.61912384200015,30.042195516189235
272,116.71912384200016,30.042195516189235
273,116.81912384200015,30.042195516189235
274,116.91912384200016,30.042195516189235
275,117.01912384200016,30.042195516189235
276,117.11912384200015,30.042195516189235
277,117.21912384200016,30.042195516189235
278,117.31912384200015,30.042195516189235
279,117.41912384200016,30.042195516189235
280,117.51912384200016,30.042195516189235
281,117.61912384200015,30.042195516189235
282,117.71912384200016,30.042195516189235
283,117.81912384200015,30.042195516189235
284,117.91912384200016,30.042195516189235
285,118.01912384200016,30.042195516189235
286,118.11912384200015,30.042195516189235
287,118.21912384200016,30.042195516189235
288,118.31912384200015,30.042195516189235
326,115.61912384200015,30.142195516189236
327,115.71912384200016,30.142195516189236
328,115.81912384200015,30.142195516189236
329,115.91912384200016,30.142195516189236
330,116.01912384200016,30.142195516189236
331,116.11912384200015,30.142195516189236
332,116.21912384200016,30.142195516189236
333,116.31912384200015,30.142195516189236
334,116.41912384200016,30.142195516189236
335,116.51912384200016,30.142195516189236
336,116.61912384200015,30.142195516189236
337,116.71912384200016,30.142195516189236
338,116.81912384200015,30.142195516189236
339,116.91912384200016,30.142195516189236
340,117.01912384200016,30.142195516189236
341,117.11912384200015,30.142195516189236
342,117.21912384200016,30.142195516189236
343,117.31912384200015,30.142195516189236
344,117.41912384200016,30.142195516189236
345,117.51912384200016,30.142195516189236
346,117.61912384200015,30.142195516189236
347,117.71912384200016,30.142195516189236
348,117.81912384200015,30.142195516189236
349,117.91912384200016,30.142195516189236
350,118.01912384200016,30.142195516189236
351,118.11912384200015,30.142195516189236
352,118.21912384200016,30.142195516189236
353,118.31912384200015,30.142195516189236
354,118.41912384200016,30.142195516189236
355,118.51912384200016,30.142195516189236
356,118.61912384200015,30.142195516189236
357,118.71912384200016,30.142195516189236
358,118.81912384200015,30.142195516189236
365,119.51912384200016,30.142195516189236
366,119.61912384200015,30.142195516189236
367,119.71912384200016,30.142195516189236
368,119.81912384200015,30.142195516189236
369,119.91912384200016,30.142195516189236
393,115.81912384200015,30.242195516189238
394,115.91912384200016,30.242195516189238
395,116.01912384200016,30.242195516189238
396,116.11912384200015,30.242195516189238
397,116.21912384200016,30.242195516189238
398,116.31912384200015,30.242195516189238
399,116.41912384200016,30.242195516189238
400,116.51912384200016,30.242195516189238
401,116.61912384200015,30.242195516189238
402,116.71912384200016,30.242195516189238
403,116.81912384200015,30.242195516189238
404,116.91912384200016,30.242195516189238
405,117.01912384200016,30.242195516189238
406,117.11912384200015,30.242195516189238
407,117.21912384200016,30.242195516189238
408,117.31912384200015,30.242195516189238
409,117.41912384200016,30.242195516189238
410,117.51912384200016,30.242195516189238
411,117.61912384200015,30.242195516189238
412,117.71912384200016,30.242195516189238
413,117.81912384200015,30.242195516189238
414,117.91912384200016,30.242195516189238
415,118.01912384200016,30.242195516189238
416,118.11912384200015,30.242195516189238
417,118.21912384200016,30.242195516189238
418,118.31912384200015,30.242195516189238
419,118.41912384200016,30.242195516189238
420,118.51912384200016,30.242195516189238
421,118.61912384200015,30.242195516189238
422,118.71912384200016,30.242195516189238
423,118.81912384200015,30.242195516189238
424,118.91912384200016,30.242195516189238
429,119.41912384200016,30.242195516189238
430,119.51912384200016,30.242195516189238
431,119.61912384200015,30.242195516189238
432,119.71912384200016,30.242195516189238
433,119.81912384200015,30.242195516189238
434,119.91912384200016,30.242195516189238
435,120.01912384200016,30.242195516189238
436,120.11912384200015,30.242195516189238
437,120.21912384200016,30.242195516189238
459,115.91912384200016,30.342195516189236
460,116.01912384200016,30.342195516189236
461,116.11912384200015,30.342195516189236
462,116.21912384200016,30.342195516189236
463,116.31912384200015,30.342195516189236
464,116.41912384200016,30.342195516189236
465,116.51912384200016,30.342195516189236
466,116.61912384200015,30.342195516189236
467,116.71912384200016,30.342195516189236
468,116.81912384200015,30.342195516189236
469,116.91912384200016,30.342195516189236
470,117.01912384200016,30.342195516189236
471,117.11912384200015,30.342195516189236
472,117.21912384200016,30.342195516189236
473,117.31912384200015,30.342195516189236
474,117.41912384200016,30.342195516189236
475,117.51912384200016,30.342195516189236
476,117.61912384200015,30.342195516189236
477,117.71912384200016,30.342195516189236
478,117.81912384200015,30.342195516189236
479,117.91912384200016,30.342195516189236
480,118.01912384200016,30.342195516189236
481,118.11912384200015,30.342195516189236
482,118.21912384200016,30.342195516189236
483,118.31912384200015,30.342195516189236
484,118.41912384200016,30.342195516189236
485,118.51912384200016,30.342195516189236
486,118.61912384200015,30.342195516189236
487,118.71912384200016,30.342195516189236
488,118.81912384200015,30.342195516189236
489,118.91912384200016,30.342195516189236
490,119.01912384200016,30.342195516189236
491,119.11912384200015,30.342195516189236
492,119.21912384200016,30.342195516189236
493,119.31912384200015,30.342195516189236
494,119.41912384200016,30.342195516189236
495,119.51912384200016,30.342195516189236
496,119.61912384200015,30.342195516189236
497,119.71912384200016,30.342195516189236
498,119.81912384200015,30.342195516189236
499,119.91912384200016,30.342195516189236
500,120.01912384200016,30.342195516189236
501,120.11912384200015,30.342195516189236
502,120.21912384200016,30.342195516189236
503,120.31912384200015,30.342195516189236
504,120.41912384200016,30.342195516189236
507,120.71912384200016,30.342195516189236
508,120.81912384200015,30.342195516189236
509,120.91912384200016,30.342195516189236
524,115.91912384200016,30.442195516189237
525,116.01912384200016,30.442195516189237
526,116.11912384200015,30.442195516189237
527,116.21912384200016,30.442195516189237
528,116.31912384200015,30.442195516189237
529,116.41912384200016,30.442195516189237
530,116.51912384200016,30.442195516189237
531,116.61912384200015,30.442195516189237
532,116.71912384200016,30.442195516189237
533,116.81912384200015,30.442195516189237
534,116.91912384200016,30.442195516189237
535,117.01912384200016,30.442195516189237
536,117.11912384200015,30.442195516189237
537,117.21912384200016,30.442195516189237
538,117.31912384200015,30.442195516189237
539,117.41912384200016,30.442195516189237
540,117.51912384200016,30.442195516189237
541,117.61912384200015,30.442195516189237
542,117.71912384200016,30.442195516189237
543,117.81912384200015,30.442195516189237
544,117.91912384200016,30.442195516189237
545,118.01912384200016,30.442195516189237
546,118.11912384200015,30.442195516189237
547,118.21912384200016,30.442195516189237
548,118.31912384200015,30.442195516189237
549,118.41912384200016,30.442195516189237
550,118.51912384200016,30.442195516189237
551,118.61912384200015,30.442195516189237
552,118.71912384200016,30.442195516189237
553,118.81912384200015,30.442195516189237
554,118.91912384200016,30.442195516189237
555,119.01912384200016,30.442195516189237
556,119.11912384200015,30.442195516189237
557,119.21912384200016,30.442195516189237
558,119.31912384200015,30.442195516189237
559,119.41912384200016,30.442195516189237
560,119.51912384200016,30.442195516189237
561,119.61912384200015,30.442195516189237
562,119.71912384200016,30.442195516189237
563,119.81912384200015,30.442195516189237
564,119.91912384200016,30.442195516189237
565,120.01912384200016,30.442195516189237
566,120.11912384200015,30.442195516189237
567,120.21912384200016,30.442195516189237
568,120.31912384200015,30.442195516189237
569,120.41912384200016,30.442195516189237
570,120.51912384200016,30.442195516189237
571,120.61912384200015,30.442195516189237
572,120.71912384200016,30.442195516189237
573,120.81912384200015,30.442195516189237
574,120.91912384200016,30.442195516189237
589,115.91912384200016,30.542195516189235
590,116.01912384200016,30.542195516189235
591,116.11912384200015,30.542195516189235
592,116.21912384200016,30.542195516189235
593,116.31912384200015,30.542195516189235
594,116.41912384200016,30.542195516189235
595,116.51912384200016,30.542195516189235
596,116.61912384200015,30.542195516189235
597,116.71912384200016,30.542195516189235
598,116.81912384200015,30.542195516189235
599,116.91912384200016,30.542195516189235
600,117.01912384200016,30.542195516189235
601,117.11912384200015,30.542195516189235
602,117.21912384200016,30.542195516189235
603,117.31912384200015,30.542195516189235
604,117.41912384200016,30.542195516189235
605,117.51912384200016,30.542195516189235
606,117.61912384200015,30.542195516189235
607,117.71912384200016,30.542195516189235
608,117.81912384200015,30.542195516189235
609,117.91912384200016,30.542195516189235
610,118.01912384200016,30.542195516189235
611,118.11912384200015,30.542195516189235
612,118.21912384200016,30.542195516189235
613,118.31912384200015,30.542195516189235
614,118.41912384200016,30.542195516189235
615,118.51912384200016,30.542195516189235
616,118.61912384200015,30.542195516189235
617,118.71912384200016,30.542195516189235
618,118.81912384200015,30.542195516189235
619,118.91912384200016,30.542195516189235
620,119.01912384200016,30.542195516189235
621,119.11912384200015,30.542195516189235
622,119.21912384200016,30.542195516189235
623,119.31912384200015,30.542195516189235
624,119.41912384200016,30.542195516189235
625,119.51912384200016,30.542195516189235
626,119.61912384200015,30.542195516189235
627,119.71912384200016,30.542195516189235
628,119.81912384200015,30.542195516189235
629,119.91912384200016,30.542195516189235
630,120.01912384200016,30.542195516189235
631,120.11912384200015,30.542195516189235
632,120.21912384200016,30.542195516189235
633,120.31912384200015,30.542195516189235
634,120.41912384200016,30.542195516189235
635,120.51912384200016,30.542195516189235
636,120.61912384200015,30.542195516189235
637,120.71912384200016,30.542195516189235
638,120.81912384200015,30.542195516189235
639,120.91912384200016,30.542195516189235
640,121.01912384200016,30.542195516189235
653,115.81912384200015,30.642195516189236
654,115.91912384200016,30.642195516189236
655,116.01912384200016,30.642195516189236
656,116.11912384200015,30.642195516189236
657,116.21912384200016,30.642195516189236
658,116.31912384200015,30.642195516189236
659,116.41912384200016,30.642195516189236
660,116.51912384200016,30.642195516189236
661,116.61912384200015,30.642195516189236
662,116.71912384200016,30.642195516189236
663,116.81912384200015,30.642195516189236
664,116.91912384200016,30.642195516189236
665,117.01912384200016,30.642195516189236
666,117.11912384200015,30.642195516189236
667,117.21912384200016,30.642195516189236
668,117.31912384200015,30.642195516189236
669,117.41912384200016,30.642195516189236
670,117.51912384200016,30.642195516189236
671,117.61912384200015,30.642195516189236
672,117.71912384200016,30.642195516189236
673,117.81912384200015,30.642195516189236
674,117.91912384200016,30.642195516189236
675,118.01912384200016,30.642195516189236
676,118.11912384200015,30.642195516189236
677,118.21912384200016,30.642195516189236
678,118.31912384200015,30.642195516189236
679,118.41912384200016,30.642195516189236
680,118.51912384200016,30.642195516189236
681,118.61912384200015,30.642195516189236
682,118.71912384200016,30.642195516189236
683,118.81912384200015,30.642195516189236
684,118.91912384200016,30.642195516189236
685,119.01912384200016,30.642195516189236
686,119.11912384200015,30.642195516189236
687,119.21912384200016,30.642195516189236
688,119.31912384200015,30.642195516189236
689,119.41912384200016,30.642195516189236
690,119.51912384200016,30.642195516189236
691,119.61912384200015,30.642195516189236
692,119.71912384200016,30.642195516189236
693,119.81912384200015,30.642195516189236
694,119.91912384200016,30.642195516189236
695,120.01912384200016,30.642195516189236
696,120.11912384200015,30.642195516189236
697,120.21912384200016,30.642195516189236
698,120.31912384200015,30.642195516189236
699,120.41912384200016,30.642195516189236
700,120.51912384200016,30.642195516189236
701,120.61912384200015,30.642195516189236
702,120.71912384200016,30.642195516189236
703,120.81912384200015,30.642195516189236
704,120.91912384200016,30.642195516189236
705,121.01912384200016,30.642195516189236
706,121.11912384200015,30.642195516189236
707,121.21912384200016,30.642195516189236
718,115.81912384200015,30.742195516189238
719,115.91912384200016,30.742195516189238
720,116.01912384200016,30.742195516189238
721,116.11912384200015,30.742195516189238
722,116.21912384200016,30.742195516189238
723,116.31912384200015,30.742195516189238
724,116.41912384200016,30.742195516189238
725,116.51912384200016,30.742195516189238
726,116.61912384200015,30.742195516189238
727,116.71912384200016,30.742195516189238
728,116.81912384200015,30.742195516189238
729,116.91912384200016,30.742195516189238
730,117.01912384200016,30.742195516189238
731,117.11912384200015,30.742195516189238
732,117.21912384200016,30.742195516189238
733,117.31912384200015,30.742195516189238
734,117.41912384200016,30.742195516189238
735,117.51912384200016,30.742195516189238
736,117.61912384200015,30.742195516189238
737,117.71912384200016,30.742195516189238
738,117.81912384200015,30.742195516189238
739,117.91912384200016,30.742195516189238
740,118.01912384200016,30.742195516189238
741,118.11912384200015,30.742195516189238
742,118.21912384200016,30.742195516189238
743,118.31912384200015,30.742195516189238
744,118.41912384200016,30.742195516189238
745,118.51912384200016,30.742195516189238
746,118.61912384200015,30.742195516189238
747,118.71912384200016,30.742195516189238
748,118.81912384200015,30.742195516189238
749,118.91912384200016,30.742195516189238
750,119.01912384200016,30.742195516189238
751,119.11912384200015,30.742195516189238
752,119.21912384200016,30.742195516189238
753,119.31912384200015,30.742195516189238
754,119.41912384200016,30.742195516189238
755,119.51912384200016,30.742195516189238
756,119.61912384200015,30.742195516189238
757,119.71912384200016,30.742195516189238
758,119.81912384200015,30.742195516189238
759,119.91912384200016,30.742195516189238
760,120.01912384200016,30.742195516189238
761,120.11912384200015,30.742195516189238
762,120.21912384200016,30.742195516189238
763,120.31912384200015,30.742195516189238
764,120.41912384200016,30.742195516189238
765,120.51912384200016,30.742195516189238
766,120.61912384200015,30.742195516189238
767,120.71912384200016,30.742195516189238
768,120.81912384200015,30.742195516189238
769,120.91912384200016,30.742195516189238
770,121.01912384200016,30.742195516189238
771,121.11912384200015,30.742195516189238
772,121.21912384200016,30.742195516189238
773,121.31912384200015,30.742195516189238
774,121.41912384200016,30.742195516189238
783,115.81912384200015,30.842195516189236
784,115.91912384200016,30.842195516189236
785,116.01912384200016,30.842195516189236
786,116.11912384200015,30.842195516189236
787,116.21912384200016,30.842195516189236
788,116.31912384200015,30.842195516189236
789,116.41912384200016,30.842195516189236
790,116.51912384200016,30.842195516189236
791,116.61912384200015,30.842195516189236
792,116.71912384200016,30.842195516189236
793,116.81912384200015,30.842195516189236
794,116.91912384200016,30.842195516189236
795,117.01912384200016,30.842195516189236
796,117.11912384200015,30.842195516189236
797,117.21912384200016,30.842195516189236
798,117.31912384200015,30.842195516189236
799,117.41912384200016,30.842195516189236
800,117.51912384200016,30.842195516189236
801,117.61912384200015,30.842195516189236
802,117.71912384200016,30.842195516189236
803,117.81912384200015,30.842195516189236
804,117.91912384200016,30.842195516189236
805,118.01912384200016,30.842195516189236
806,118.11912384200015,30.842195516189236
807,118.21912384200016,30.842195516189236
808,118.31912384200015,30.842195516189236
809,118.41912384200016,30.842195516189236
810,118.51912384200016,30.842195516189236
811,118.61912384200015,30.842195516189236
812,118.71912384200016,30.842195516189236
813,118.81912384200015,30.842195516189236
814,118.91912384200016,30.842195516189236
815,119.01912384200016,30.842195516189236
816,119.11912384200015,30.842195516189236
817,119.21912384200016,30.842195516189236
818,119.31912384200015,30.842195516189236
819,119.41912384200016,30.842195516189236
820,119.51912384200016,30.842195516189236
821,119.61912384200015,30.842195516189236
822,119.71912384200016,30.842195516189236
823,119.81912384200015,30.842195516189236
824,119.91912384200016,30.842195516189236
825,120.01912384200016,30.842195516189236
826,120.11912384200015,30.842195516189236
827,120.21912384200016,30.842195516189236
828,120.31912384200015,30.842195516189236
829,120.41912384200016,30.842195516189236
830,120.51912384200016,30.842195516189236
831,120.61912384200015,30.842195516189236
832,120.71912384200016,30.842195516189236
833,120.81912384200015,30.842195516189236
834,120.91912384200016,30.842195516189236
835,121.01912384200016,30.842195516189236
836,121.11912384200015,30.842195516189236
837,121.21912384200016,30.842195516189236
838,121.31912384200015,30.842195516189236
839,121.41912384200016,30.842195516189236
840,121.51912384200016,30.842195516189236
841,121.61912384200015,30.842195516189236
842,121.71912384200016,30.842195516189236
843,121.81912384200015,30.842195516189236
844,121.91912384200016,30.842195516189236
848,115.81912384200015,30.942195516189237
849,115.91912384200016,30.942195516189237
850,116.01912384200016,30.942195516189237
851,116.11912384200015,30.942195516189237
852,116.21912384200016,30.942195516189237
853,116.31912384200015,30.942195516189237
854,116.41912384200016,30.942195516189237
855,116.51912384200016,30.942195516189237
856,116.61912384200015,30.942195516189237
857,116.71912384200016,30.942195516189237
858,116.81912384200015,30.942195516189237
859,116.91912384200016,30.942195516189237
860,117.01912384200016,30.942195516189237
861,117.11912384200015,30.942195516189237
862,117.21912384200016,30.942195516189237
863,117.31912384200015,30.942195516189237
864,117.41912384200016,30.942195516189237
865,117.51912384200016,30.942195516189237
866,117.61912384200015,30.942195516189237
867,117.71912384200016,30.942195516189237
868,117.81912384200015,30.942195516189237
869,117.91912384200016,30.942195516189237
870,118.01912384200016,30.942195516189237
871,118.11912384200015,30.942195516189237
872,118.21912384200016,30.942195516189237
873,118.31912384200015,30.942195516189237
874,118.41912384200016,30.942195516189237
875,118.51912384200016,30.942195516189237
876,118.61912384200015,30.942195516189237
877,118.71912384200016,30.942195516189237
878,118.81912384200015,30.942195516189237
879,118.91912384200016,30.942195516189237
880,119.01912384200016,30.942195516189237
881,119.11912384200015,30.942195516189237
882,119.21912384200016,30.942195516189237
883,119.31912384200015,30.942195516189237
884,119.41912384200016,30.942195516189237
885,119.51912384200016,30.942195516189237
886,119.61912384200015,30.942195516189237
887,119.71912384200016,30.942195516189237
888,119.81912384200015,30.942195516189237
889,119.91912384200016,30.942195516189237
890,120.01912384200016,30.942195516189237
891,120.11912384200015,30.942195516189237
892,120.21912384200016,30.942195516189237
893,120.31912384200015,30.942195516189237
894,120.41912384200016,30.942195516189237
895,120.51912384200016,30.942195516189237
896,120.61912384200015,30.942195516189237
897,120.71912384200016,30.942195516189237
898,120.81912384200015,30.942195516189237
899,120.91912384200016,30.942195516189237
900,121.01912384200016,30.942195516189237
901,121.11912384200015,30.942195516189237
902,121.21912384200016,30.942195516189237
903,121.31912384200015,30.942195516189237
904,121.41912384200016,30.942195516189237
905,121.51912384200016,30.942195516189237
906,121.61912384200015,30.942195516189237
907,121.71912384200016,30.942195516189237
908,121.81912384200015,30.942195516189237
909,121.91912384200016,30.942195516189237
916,116.11912384200015,31.042195516189235
918,116.31912384200015,31.042195516189235
919,116.41912384200016,31.042195516189235
920,116.51912384200016,31.042195516189235
921,116.61912384200015,31.042195516189235
922,116.71912384200016,31.042195516189235
923,116.81912384200015,31.042195516189235
924,116.91912384200016,31.042195516189235
925,117.01912384200016,31.042195516189235
926,117.11912384200015,31.042195516189235
927,117.21912384200016,31.042195516189235
928,117.31912384200015,31.042195516189235
929,117.41912384200016,31.042195516189235
930,117.51912384200016,31.042195516189235
931,117.61912384200015,31.042195516189235
932,117.71912384200016,31.042195516189235
933,117.81912384200015,31.042195516189235
934,117.91912384200016,31.042195516189235
935,118.01912384200016,31.042195516189235
936,118.11912384200015,31.042195516189235
937,118.21912384200016,31.042195516189235
938,118.31912384200015,31.042195516189235
939,118.41912384200016,31.042195516189235
940,118.51912384200016,31.042195516189235
941,118.61912384200015,31.042195516189235
942,118.71912384200016,31.042195516189235
943,118.81912384200015,31.042195516189235
944,118.91912384200016,31.042195516189235
945,119.01912384200016,31.042195516189235
946,119.11912384200015,31.042195516189235
947,119.21912384200016,31.042195516189235
948,119.31912384200015,31.042195516189235
949,119.41912384200016,31.042195516189235
950,119.51912384200016,31.042195516189235
951,119.61912384200015,31.042195516189235
952,119.71912384200016,31.042195516189235
953,119.81912384200015,31.042195516189235
954,119.91912384200016,31.042195516189235
955,120.01912384200016,31.042195516189235
956,120.11912384200015,31.042195516189235
957,120.21912384200016,31.042195516189235
958,120.31912384200015,31.042195516189235
959,120.41912384200016,31.042195516189235
960,120.51912384200016,31.042195516189235
961,120.61912384200015,31.042195516189235
962,120.71912384200016,31.042195516189235
963,120.81912384200015,31.042195516189235
964,120.91912384200016,31.042195516189235
965,121.01912384200016,31.042195516189235
966,121.11912384200015,31.042195516189235
967,121.21912384200016,31.042195516189235
968,121.31912384200015,31.042195516189235
969,121.41912384200016,31.042195516189235
970,121.51912384200016,31.042195516189235
971,121.61912384200015,31.042195516189235
972,121.71912384200016,31.042195516189235
973,121.81912384200015,31.042195516189235
974,121.91912384200016,31.042195516189235
984,116.41912384200016,31.142195516189236
985,116.51912384200016,31.142195516189236
986,116.61912384200015,31.142195516189236
987,116.71912384200016,31.142195516189236
988,116.81912384200015,31.142195516189236
989,116.91912384200016,31.142195516189236
990,117.01912384200016,31.142195516189236
991,117.11912384200015,31.142195516189236
992,117.21912384200016,31.142195516189236
993,117.31912384200015,31.142195516189236
994,117.41912384200016,31.142195516189236
995,117.51912384200016,31.142195516189236
996,117.61912384200015,31.142195516189236
997,117.71912384200016,31.142195516189236
998,117.81912384200015,31.142195516189236
999,117.91912384200016,31.142195516189236
1000,118.01912384200016,31.142195516189236
1001,118.11912384200015,31.142195516189236
1002,118.21912384200016,31.142195516189236
1003,118.31912384200015,31.142195516189236
1004,118.41912384200016,31.142195516189236
1005,118.51912384200016,31.142195516189236
1006,118.61912384200015,31.142195516189236
1007,118.71912384200016,31.142195516189236
1008,118.81912384200015,31.142195516189236
1009,118.91912384200016,31.142195516189236
1010,119.01912384200016,31.142195516189236
1011,119.11912384200015,31.142195516189236
1012,119.21912384200016,31.142195516189236
1013,119.31912384200015,31.142195516189236
1014,119.41912384200016,31.142195516189236
1015,119.51912384200016,31.142195516189236
1016,119.61912384200015,31.142195516189236
1017,119.71912384200016,31.142195516189236
1018,119.81912384200015,31.142195516189236
1019,119.91912384200016,31.142195516189236
1020,120.01912384200016,31.142195516189236
1021,120.11912384200015,31.142195516189236
1022,120.21912384200016,31.142195516189236
1023,120.31912384200015,31.142195516189236
1024,120.41912384200016,31.142195516189236
1025,120.51912384200016,31.142195516189236
1026,120.61912384200015,31.142195516189236
1027,120.71912384200016,31.142195516189236
1028,120.81912384200015,31.142195516189236
1029,120.91912384200016,31.142195516189236
1030,121.01912384200016,31.142195516189236
1031,121.11912384200015,31.142195516189236
1032,121.21912384200016,31.142195516189236
1033,121.31912384200015,31.142195516189236
1034,121.41912384200016,31.142195516189236
1035,121.51912384200016,31.142195516189236
1036,121.61912384200015,31.142195516189236
1037,121.71912384200016,31.142195516189236
1038,121.81912384200015,31.142195516189236
1049,116.41912384200016,31.242195516189238
1050,116.51912384200016,31.242195516189238
1051,116.61912384200015,31.242195516189238
1052,116.71912384200016,31.242195516189238
1053,116.81912384200015,31.242195516189238
1054,116.91912384200016,31.242195516189238
1055,117.01912384200016,31.242195516189238
1056,117.11912384200015,31.242195516189238
1057,117.21912384200016,31.242195516189238
1058,117.31912384200015,31.242195516189238
1059,117.41912384200016,31.242195516189238
1060,117.51912384200016,31.242195516189238
1061,117.61912384200015,31.242195516189238
1062,117.71912384200016,31.242195516189238
1063,117.81912384200015,31.242195516189238
1064,117.91912384200016,31.242195516189238
1065,118.01912384200016,31.242195516189238
1066,118.11912384200015,31.242195516189238
1067,118.21912384200016,31.242195516189238
1068,118.31912384200015,31.242195516189238
1069,118.41912384200016,31.242195516189238
1070,118.51912384200016,31.242195516189238
1071,118.61912384200015,31.242195516189238
1072,118.71912384200016,31.242195516189238
1073,118.81912384200015,31.242195516189238
1074,118.91912384200016,31.242195516189238
1075,119.01912384200016,31.242195516189238
1076,119.11912384200015,31.242195516189238
1077,119.21912384200016,31.242195516189238
1078,119.31912384200015,31.242195516189238
1079,119.41912384200016,31.242195516189238
1080,119.51912384200016,31.242195516189238
1081,119.61912384200015,31.242195516189238
1082,119.71912384200016,31.242195516189238
1083,119.81912384200015,31.242195516189238
1084,119.91912384200016,31.242195516189238
1085,120.01912384200016,31.242195516189238
1086,120.11912384200015,31.242195516189238
1087,120.21912384200016,31.242195516189238
1088,120.31912384200015,31.242195516189238
1089,120.41912384200016,31.242195516189238
1090,120.51912384200016,31.242195516189238
1091,120.61912384200015,31.242195516189238
1092,120.71912384200016,31.242195516189238
1093,120.81912384200015,31.242195516189238
1094,120.91912384200016,31.242195516189238
1095,121.01912384200016,31.242195516189238
1096,121.11912384200015,31.242195516189238
1097,121.21912384200016,31.242195516189238
1098,121.31912384200015,31.242195516189238
1099,121.41912384200016,31.242195516189238
1100,121.51912384200016,31.242195516189238
1101,121.61912384200015,31.242195516189238
1102,121.71912384200016,31.242195516189238
1103,121.81912384200015,31.242195516189238
1115,116.51912384200016,31.342195516189236
1116,116.61912384200015,31.342195516189236
1117,116.71912384200016,31.342195516189236
1118,116.81912384200015,31.342195516189236
1119,116.91912384200016,31.342195516189236
1120,117.01912384200016,31.342195516189236
1121,117.11912384200015,31.342195516189236
1122,117.21912384200016,31.342195516189236
1123,117.31912384200015,31.342195516189236
1124,117.41912384200016,31.342195516189236
1125,117.51912384200016,31.342195516189236
1126,117.61912384200015,31.342195516189236
1127,117.71912384200016,31.342195516189236
1128,117.81912384200015,31.342195516189236
1129,117.91912384200016,31.342195516189236
1130,118.01912384200016,31.342195516189236
1131,118.11912384200015,31.342195516189236
1132,118.21912384200016,31.342195516189236
1133,118.31912384200015,31.342195516189236
1134,118.41912384200016,31.342195516189236
1135,118.51912384200016,31.342195516189236
1136,118.61912384200015,31.342195516189236
1137,118.71912384200016,31.342195516189236
1138,118.81912384200015,31.342195516189236
1139,118.91912384200016,31.342195516189236
1140,119.01912384200016,31.342195516189236
1141,119.11912384200015,31.342195516189236
1142,119.21912384200016,31.342195516189236
1143,119.31912384200015,31.342195516189236
1144,119.41912384200016,31.342195516189236
1145,119.51912384200016,31.342195516189236
1146,119.61912384200015,31.342195516189236
1147,119.71912384200016,31.342195516189236
1148,119.81912384200015,31.342195516189236
1149,119.91912384200016,31.342195516189236
1150,120.01912384200016,31.342195516189236
1151,120.11912384200015,31.342195516189236
1152,120.21912384200016,31.342195516189236
1153,120.31912384200015,31.342195516189236
1154,120.41912384200016,31.342195516189236
1155,120.51912384200016,31.342195516189236
1156,120.61912384200015,31.342195516189236
1157,120.71912384200016,31.342195516189236
1158,120.81912384200015,31.342195516189236
1159,120.91912384200016,31.342195516189236
1160,121.01912384200016,31.342195516189236
1161,121.11912384200015,31.342195516189236
1162,121.21912384200016,31.342195516189236
1163,121.31912384200015,31.342195516189236
1164,121.41912384200016,31.342195516189236
1165,121.51912384200016,31.342195516189236
1166,121.61912384200015,31.342195516189236
1167,121.71912384200016,31.342195516189236
1179,116.41912384200016,31.442195516189237
1180,116.51912384200016,31.442195516189237
1181,116.61912384200015,31.442195516189237
1182,116.71912384200016,31.442195516189237
1183,116.81912384200015,31.442195516189237
1184,116.91912384200016,31.442195516189237
1185,117.01912384200016,31.442195516189237
1186,117.11912384200015,31.442195516189237
1187,117.21912384200016,31.442195516189237
1188,117.31912384200015,31.442195516189237
1189,117.41912384200016,31.442195516189237
1190,117.51912384200016,31.442195516189237
1191,117.61912384200015,31.442195516189237
1192,117.71912384200016,31.442195516189237
1193,117.81912384200015,31.442195516189237
1194,117.91912384200016,31.442195516189237
1195,118.01912384200016,31.442195516189237
1196,118.11912384200015,31.442195516189237
1197,118.21912384200016,31.442195516189237
1198,118.31912384200015,31.442195516189237
1199,118.41912384200016,31.442195516189237
1200,118.51912384200016,31.442195516189237
1201,118.61912384200015,31.442195516189237
1202,118.71912384200016,31.442195516189237
1203,118.81912384200015,31.442195516189237
1204,118.91912384200016,31.442195516189237
1205,119.01912384200016,31.442195516189237
1206,119.11912384200015,31.442195516189237
1207,119.21912384200016,31.442195516189237
1208,119.31912384200015,31.442195516189237
1209,119.41912384200016,31.442195516189237
1210,119.51912384200016,31.442195516189237
1211,119.61912384200015,31.442195516189237
1212,119.71912384200016,31.442195516189237
1213,119.81912384200015,31.442195516189237
1214,119.91912384200016,31.442195516189237
1215,120.01912384200016,31.442195516189237
1216,120.11912384200015,31.442195516189237
1217,120.21912384200016,31.442195516189237
1218,120.31912384200015,31.442195516189237
1219,120.41912384200016,31.442195516189237
1220,120.51912384200016,31.442195516189237
1221,120.61912384200015,31.442195516189237
1222,120.71912384200016,31.442195516189237
1223,120.81912384200015,31.442195516189237
1224,120.91912384200016,31.442195516189237
1225,121.01912384200016,31.442195516189237
1226,121.11912384200015,31.442195516189237
1227,121.21912384200016,31.442195516189237
1228,121.31912384200015,31.442195516189237
1229,121.41912384200016,31.442195516189237
1230,121.51912384200016,31.442195516189237
1244,116.41912384200016,31.542195516189235
1245,116.51912384200016,31.542195516189235
1246,116.61912384200015,31.542195516189235
1247,116.71912384200016,31.542195516189235
1248,116.81912384200015,31.542195516189235
1249,116.91912384200016,31.542195516189235
1250,117.01912384200016,31.542195516189235
1251,117.11912384200015,31.542195516189235
1252,117.21912384200016,31.542195516189235
1253,117.31912384200015,31.542195516189235
1254,117.41912384200016,31.542195516189235
1255,117.51912384200016,31.542195516189235
1256,117.61912384200015,31.542195516189235
1257,117.71912384200016,31.542195516189235
1258,117.81912384200015,31.542195516189235
1259,117.91912384200016,31.542195516189235
1260,118.01912384200016,31.542195516189235
1261,118.11912384200015,31.542195516189235
1262,118.21912384200016,31.542195516189235
1263,118.31912384200015,31.542195516189235
1264,118.41912384200016,31.542195516189235
1265,118.51912384200016,31.542195516189235
1266,118.61912384200015,31.542195516189235
1267,118.71912384200016,31.542195516189235
1268,118.81912384200015,31.542195516189235
1269,118.91912384200016,31.542195516189235
1270,119.01912384200016,31.542195516189235
1271,119.11912384200015,31.542195516189235
1272,119.21912384200016,31.542195516189235
1273,119.31912384200015,31.542195516189235
1274,119.41912384200016,31.542195516189235
1275,119.51912384200016,31.542195516189235
1276,119.61912384200015,31.542195516189235
1277,119.71912384200016,31.542195516189235
1278,119.81912384200015,31.542195516189235
1279,119.91912384200016,31.542195516189235
1280,120.01912384200016,31.542195516189235
1281,120.11912384200015,31.542195516189235
1282,120.21912384200016,31.542195516189235
1283,120.31912384200015,31.542195516189235
1284,120.41912384200016,31.542195516189235
1285,120.51912384200016,31.542195516189235
1286,120.61912384200015,31.542195516189235
1287,120.71912384200016,31.542195516189235
1288,120.81912384200015,31.542195516189235
1289,120.91912384200016,31.542195516189235
1290,121.01912384200016,31.542195516189235
1291,121.11912384200015,31.542195516189235
1292,121.21912384200016,31.542195516189235
1293,121.31912384200015,31.542195516189235
1310,116.51912384200016,31.642195516189236
1311,116.61912384200015,31.642195516189236
1312,116.71912384200016,31.642195516189236
1313,116.81912384200015,31.642195516189236
1314,116.91912384200016,31.642195516189236
1315,117.01912384200016,31.642195516189236
1316,117.11912384200015,31.642195516189236
1317,117.21912384200016,31.642195516189236
1318,117.31912384200015,31.642195516189236
1319,117.41912384200016,31.642195516189236
1320,117.51912384200016,31.642195516189236
1321,117.61912384200015,31.642195516189236
1322,117.71912384200016,31.642195516189236
1323,117.81912384200015,31.642195516189236
1324,117.91912384200016,31.642195516189236
1325,118.01912384200016,31.642195516189236
1326,118.11912384200015,31.642195516189236
1327,118.21912384200016,31.642195516189236
1328,118.31912384200015,31.642195516189236
1329,118.41912384200016,31.642195516189236
1330,118.51912384200016,31.642195516189236
1331,118.61912384200015,31.642195516189236
1332,118.71912384200016,31.642195516189236
1333,118.81912384200015,31.642195516189236
1334,118.91912384200016,31.642195516189236
1335,119.01912384200016,31.642195516189236
1336,119.11912384200015,31.642195516189236
1337,119.21912384200016,31.642195516189236
1338,119.31912384200015,31.642195516189236
1339,119.41912384200016,31.642195516189236
1340,119.51912384200016,31.642195516189236
1341,119.61912384200015,31.642195516189236
1342,119.71912384200016,31.642195516189236
1343,119.81912384200015,31.642195516189236
1344,119.91912384200016,31.642195516189236
1345,120.01912384200016,31.642195516189236
1346,120.11912384200015,31.642195516189236
1347,120.21912384200016,31.642195516189236
1348,120.31912384200015,31.642195516189236
1349,120.41912384200016,31.642195516189236
1350,120.51912384200016,31.642195516189236
1351,120.61912384200015,31.642195516189236
1352,120.71912384200016,31.642195516189236
1353,120.81912384200015,31.642195516189236
1354,120.91912384200016,31.642195516189236
1355,121.01912384200016,31.642195516189236
1356,121.11912384200015,31.642195516189236
1357,121.21912384200016,31.642195516189236
1363,121.81912384200015,31.642195516189236
1364,121.91912384200016,31.642195516189236
1376,116.61912384200015,31.742195516189238
1377,116.71912384200016,31.742195516189238
1378,116.81912384200015,31.742195516189238
1379,116.91912384200016,31.742195516189238
1380,117.01912384200016,31.742195516189238
1381,117.11912384200015,31.742195516189238
1382,117.21912384200016,31.742195516189238
1383,117.31912384200015,31.742195516189238
1384,117.41912384200016,31.742195516189238
1385,117.51912384200016,31.742195516189238
1386,117.61912384200015,31.742195516189238
1387,117.71912384200016,31.742195516189238
1388,117.81912384200015,31.742195516189238
1389,117.91912384200016,31.742195516189238
1390,118.01912384200016,31.742195516189238
1391,118.11912384200015,31.742195516189238
1392,118.21912384200016,31.742195516189238
1393,118.31912384200015,31.742195516189238
1394,118.41912384200016,31.742195516189238
1395,118.51912384200016,31.742195516189238
1396,118.61912384200015,31.742195516189238
1397,118.71912384200016,31.742195516189238
1398,118.81912384200015,31.742195516189238
1399,118.91912384200016,31.742195516189238
1400,119.01912384200016,31.742195516189238
1401,119.11912384200015,31.742195516189238
1402,119.21912384200016,31.742195516189238
1403,119.31912384200015,31.742195516189238
1404,119.41912384200016,31.742195516189238
1405,119.51912384200016,31.742195516189238
1406,119.61912384200015,31.742195516189238
1407,119.71912384200016,31.742195516189238
1408,119.81912384200015,31.742195516189238
1409,119.91912384200016,31.742195516189238
1410,120.01912384200016,31.742195516189238
1411,120.11912384200015,31.742195516189238
1412,120.21912384200016,31.742195516189238
1413,120.31912384200015,31.742195516189238
1414,120.41912384200016,31.742195516189238
1415,120.51912384200016,31.742195516189238
1416,120.61912384200015,31.742195516189238
1417,120.71912384200016,31.742195516189238
1418,120.81912384200015,31.742195516189238
1419,120.91912384200016,31.742195516189238
1420,121.01912384200016,31.742195516189238
1421,121.11912384200015,31.742195516189238
1425,121.51912384200016,31.742195516189238
1426,121.61912384200015,31.742195516189238
1427,121.71912384200016,31.742195516189238
1428,121.81912384200015,31.742195516189238
1429,121.91912384200016,31.742195516189238
1443,116.81912384200015,31.842195516189236
1444,116.91912384200016,31.842195516189236
1445,117.01912384200016,31.842195516189236
1446,117.11912384200015,31.842195516189236
1447,117.21912384200016,31.842195516189236
1448,117.31912384200015,31.842195516189236
1449,117.41912384200016,31.842195516189236
1450,117.51912384200016,31.842195516189236
1451,117.61912384200015,31.842195516189236
1452,117.71912384200016,31.842195516189236
1453,117.81912384200015,31.842195516189236
1454,117.91912384200016,31.842195516189236
1455,118.01912384200016,31.842195516189236
1456,118.11912384200015,31.842195516189236
1457,118.21912384200016,31.842195516189236
1458,118.31912384200015,31.842195516189236
1459,118.41912384200016,31.842195516189236
1460,118.51912384200016,31.842195516189236
1461,118.61912384200015,31.842195516189236
1462,118.71912384200016,31.842195516189236
1463,118.81912384200015,31.842195516189236
1464,118.91912384200016,31.842195516189236
1465,119.01912384200016,31.842195516189236
1466,119.11912384200015,31.842195516189236
1467,119.21912384200016,31.842195516189236
1468,119.31912384200015,31.842195516189236
1469,119.41912384200016,31.842195516189236
1470,119.51912384200016,31.842195516189236
1471,119.61912384200015,31.842195516189236
1472,119.71912384200016,31.842195516189236
1473,119.81912384200015,31.842195516189236
1474,119.91912384200016,31.842195516189236
1475,120.01912384200016,31.842195516189236
1476,120.11912384200015,31.842195516189236
1477,120.21912384200016,31.842195516189236
1478,120.31912384200015,31.842195516189236
1479,120.41912384200016,31.842195516189236
1480,120.51912384200016,31.842195516189236
1481,120.61912384200015,31.842195516189236
1482,120.71912384200016,31.842195516189236
1483,120.81912384200015,31.842195516189236
1484,120.91912384200016,31.842195516189236
1485,121.01912384200016,31.842195516189236
1486,121.11912384200015,31.842195516189236
1487,121.21912384200016,31.842195516189236
1488,121.31912384200015,31.842195516189236
1489,121.41912384200016,31.842195516189236
1490,121.51912384200016,31.842195516189236
1491,121.61912384200015,31.842195516189236
1492,121.71912384200016,31.842195516189236
1493,121.81912384200015,31.842195516189236
1494,121.91912384200016,31.842195516189236
1510,117.01912384200016,31.942195516189237
1511,117.11912384200015,31.942195516189237
1512,117.21912384200016,31.942195516189237
1513,117.31912384200015,31.942195516189237
1514,117.41912384200016,31.942195516189237
1515,117.51912384200016,31.942195516189237
1516,117.61912384200015,31.942195516189237
1517,117.71912384200016,31.942195516189237
1518,117.81912384200015,31.942195516189237
1519,117.91912384200016,31.942195516189237
1520,118.01912384200016,31.942195516189237
1521,118.11912384200015,31.942195516189237
1522,118.21912384200016,31.942195516189237
1523,118.31912384200015,31.942195516189237
1524,118.41912384200016,31.942195516189237
1525,118.51912384200016,31.942195516189237
1526,118.61912384200015,31.942195516189237
1527,118.71912384200016,31.942195516189237
1528,118.81912384200015,31.942195516189237
1529,118.91912384200016,31.942195516189237
1530,119.01912384200016,31.942195516189237
1531,119.11912384200015,31.942195516189237
1532,119.21912384200016,31.942195516189237
1533,119.31912384200015,31.942195516189237
1534,119.41912384200016,31.942195516189237
1535,119.51912384200016,31.942195516189237
1536,119.61912384200015,31.942195516189237
1537,119.71912384200016,31.942195516189237
1538,119.81912384200015,31.942195516189237
1539,119.91912384200016,31.942195516189237
1540,120.01912384200016,31.942195516189237
1541,120.11912384200015,31.942195516189237
1542,120.21912384200016,31.942195516189237
1543,120.31912384200015,31.942195516189237
1544,120.41912384200016,31.942195516189237
1545,120.51912384200016,31.942195516189237
1546,120.61912384200015,31.942195516189237
1547,120.71912384200016,31.942195516189237
1548,120.81912384200015,31.942195516189237
1549,120.91912384200016,31.942195516189237
1550,121.01912384200016,31.942195516189237
1551,121.11912384200015,31.942195516189237
1552,121.21912384200016,31.942195516189237
1553,121.31912384200015,31.942195516189237
1554,121.41912384200016,31.942195516189237
1555,121.51912384200016,31.942195516189237
1556,121.61912384200015,31.942195516189237
1557,121.71912384200016,31.942195516189237
1558,121.81912384200015,31.942195516189237
1575,117.01912384200016,32.04219551618924
1576,117.11912384200015,32.04219551618924
1577,117.21912384200016,32.04219551618924
1578,117.31912384200015,32.04219551618924
1579,117.41912384200016,32.04219551618924
1580,117.51912384200016,32.04219551618924
1581,117.61912384200015,32.04219551618924
1582,117.71912384200016,32.04219551618924
1583,117.81912384200015,32.04219551618924
1584,117.91912384200016,32.04219551618924
1585,118.01912384200016,32.04219551618924
1586,118.11912384200015,32.04219551618924
1587,118.21912384200016,32.04219551618924
1588,118.31912384200015,32.04219551618924
1589,118.41912384200016,32.04219551618924
1590,118.51912384200016,32.04219551618924
1591,118.61912384200015,32.04219551618924
1592,118.71912384200016,32.04219551618924
1593,118.81912384200015,32.04219551618924
1594,118.91912384200016,32.04219551618924
1595,119.01912384200016,32.04219551618924
1596,119.11912384200015,32.04219551618924
1597,119.21912384200016,32.04219551618924
1598,119.31912384200015,32.04219551618924
1599,119.41912384200016,32.04219551618924
1600,119.51912384200016,32.04219551618924
1601,119.61912384200015,32.04219551618924
1602,119.71912384200016,32.04219551618924
1603,119.81912384200015,32.04219551618924
1604,119.91912384200016,32.04219551618924
1605,120.01912384200016,32.04219551618924
1606,120.11912384200015,32.04219551618924
1607,120.21912384200016,32.04219551618924
1608,120.31912384200015,32.04219551618924
1609,120.41912384200016,32.04219551618924
1610,120.51912384200016,32.04219551618924
1611,120.61912384200015,32.04219551618924
1612,120.71912384200016,32.04219551618924
1613,120.81912384200015,32.04219551618924
1614,120.91912384200016,32.04219551618924
1615,121.01912384200016,32.04219551618924
1616,121.11912384200015,32.04219551618924
1617,121.21912384200016,32.04219551618924
1618,121.31912384200015,32.04219551618924
1619,121.41912384200016,32.04219551618924
1620,121.51912384200016,32.04219551618924
1621,121.61912384200015,32.04219551618924
1622,121.71912384200016,32.04219551618924
1641,117.11912384200015,32.14219551618923
1642,117.21912384200016,32.14219551618923
1643,117.31912384200015,32.14219551618923
1644,117.41912384200016,32.14219551618923
1645,117.51912384200016,32.14219551618923
1646,117.61912384200015,32.14219551618923
1647,117.71912384200016,32.14219551618923
1648,117.81912384200015,32.14219551618923
1649,117.91912384200016,32.14219551618923
1650,118.01912384200016,32.14219551618923
1651,118.11912384200015,32.14219551618923
1652,118.21912384200016,32.14219551618923
1653,118.31912384200015,32.14219551618923
1654,118.41912384200016,32.14219551618923
1655,118.51912384200016,32.14219551618923
1656,118.61912384200015,32.14219551618923
1657,118.71912384200016,32.14219551618923
1658,118.81912384200015,32.14219551618923
1659,118.91912384200016,32.14219551618923
1660,119.01912384200016,32.14219551618923
1661,119.11912384200015,32.14219551618923
1662,119.21912384200016,32.14219551618923
1663,119.31912384200015,32.14219551618923
1664,119.41912384200016,32.14219551618923
1665,119.51912384200016,32.14219551618923
1666,119.61912384200015,32.14219551618923
1667,119.71912384200016,32.14219551618923
1668,119.81912384200015,32.14219551618923
1669,119.91912384200016,32.14219551618923
1670,120.01912384200016,32.14219551618923
1671,120.11912384200015,32.14219551618923
1672,120.21912384200016,32.14219551618923
1673,120.31912384200015,32.14219551618923
1674,120.41912384200016,32.14219551618923
1675,120.51912384200016,32.14219551618923
1676,120.61912384200015,32.14219551618923
1677,120.71912384200016,32.14219551618923
1678,120.81912384200015,32.14219551618923
1679,120.91912384200016,32.14219551618923
1680,121.01912384200016,32.14219551618923
1681,121.11912384200015,32.14219551618923
1682,121.21912384200016,32.14219551618923
1683,121.31912384200015,32.14219551618923
1684,121.41912384200016,32.14219551618923
1685,121.51912384200016,32.14219551618923
1712,117.71912384200016,32.24219551618924
1713,117.81912384200015,32.24219551618924
1714,117.91912384200016,32.24219551618924
1715,118.01912384200016,32.24219551618924
1716,118.11912384200015,32.24219551618924
1717,118.21912384200016,32.24219551618924
1718,118.31912384200015,32.24219551618924
1719,118.41912384200016,32.24219551618924
1720,118.51912384200016,32.24219551618924
1721,118.61912384200015,32.24219551618924
1722,118.71912384200016,32.24219551618924
1723,118.81912384200015,32.24219551618924
1724,118.91912384200016,32.24219551618924
1725,119.01912384200016,32.24219551618924
1726,119.11912384200015,32.24219551618924
1727,119.21912384200016,32.24219551618924
1728,119.31912384200015,32.24219551618924
1729,119.41912384200016,32.24219551618924
1730,119.51912384200016,32.24219551618924
1731,119.61912384200015,32.24219551618924
1732,119.71912384200016,32.24219551618924
1733,119.81912384200015,32.24219551618924
1734,119.91912384200016,32.24219551618924
1735,120.01912384200016,32.24219551618924
1736,120.11912384200015,32.24219551618924
1737,120.21912384200016,32.24219551618924
1738,120.31912384200015,32.24219551618924
1739,120.41912384200016,32.24219551618924
1740,120.51912384200016,32.24219551618924
1741,120.61912384200015,32.24219551618924
1742,120.71912384200016,32.24219551618924
1743,120.81912384200015,32.24219551618924
1744,120.91912384200016,32.24219551618924
1745,121.01912384200016,32.24219551618924
1746,121.11912384200015,32.24219551618924
1747,121.21912384200016,32.24219551618924
1748,121.31912384200015,32.24219551618924
1749,121.41912384200016,32.24219551618924
1779,117.91912384200016,32.342195516189236
1780,118.01912384200016,32.342195516189236
1781,118.11912384200015,32.342195516189236
1782,118.21912384200016,32.342195516189236
1783,118.31912384200015,32.342195516189236
1784,118.41912384200016,32.342195516189236
1785,118.51912384200016,32.342195516189236
1786,118.61912384200015,32.342195516189236
1787,118.71912384200016,32.342195516189236
1788,118.81912384200015,32.342195516189236
1789,118.91912384200016,32.342195516189236
1790,119.01912384200016,32.342195516189236
1791,119.11912384200015,32.342195516189236
1792,119.21912384200016,32.342195516189236
1793,119.31912384200015,32.342195516189236
1794,119.41912384200016,32.342195516189236
1797,119.71912384200016,32.342195516189236
1798,119.81912384200015,32.342195516189236
1799,119.91912384200016,32.342195516189236
1800,120.01912384200016,32.342195516189236
1801,120.11912384200015,32.342195516189236
1802,120.21912384200016,32.342195516189236
1803,120.31912384200015,32.342195516189236
1804,120.41912384200016,32.342195516189236
1805,120.51912384200016,32.342195516189236
1806,120.61912384200015,32.342195516189236
1807,120.71912384200016,32.342195516189236
1808,120.81912384200015,32.342195516189236
1809,120.91912384200016,32.342195516189236
1810,121.01912384200016,32.342195516189236
1811,121.11912384200015,32.342195516189236
1812,121.21912384200016,32.342195516189236
1845,118.01912384200016,32.44219551618923
1846,118.11912384200015,32.44219551618923
1847,118.21912384200016,32.44219551618923
1848,118.31912384200015,32.44219551618923
1849,118.41912384200016,32.44219551618923
1850,118.51912384200016,32.44219551618923
1851,118.61912384200015,32.44219551618923
1852,118.71912384200016,32.44219551618923
1853,118.81912384200015,32.44219551618923
1854,118.91912384200016,32.44219551618923
1855,119.01912384200016,32.44219551618923
1856,119.11912384200015,32.44219551618923
1857,119.21912384200016,32.44219551618923
1858,119.31912384200015,32.44219551618923
1862,119.71912384200016,32.44219551618923
1863,119.81912384200015,32.44219551618923
1864,119.91912384200016,32.44219551618923
1865,120.01912384200016,32.44219551618923
1866,120.11912384200015,32.44219551618923
1867,120.21912384200016,32.44219551618923
1868,120.31912384200015,32.44219551618923
1869,120.41912384200016,32.44219551618923
1870,120.51912384200016,32.44219551618923
1911,118.11912384200015,32.54219551618924
1912,118.21912384200016,32.54219551618924
1913,118.31912384200015,32.54219551618924
1914,118.41912384200016,32.54219551618924
1915,118.51912384200016,32.54219551618924
1916,118.61912384200015,32.54219551618924
1917,118.71912384200016,32.54219551618924
1918,118.81912384200015,32.54219551618924
1919,118.91912384200016,32.54219551618924
1920,119.01912384200016,32.54219551618924
1931,120.11912384200015,32.54219551618924
1932,120.21912384200016,32.54219551618924
1933,120.31912384200015,32.54219551618924
1935,120.51912384200016,32.54219551618924
1977,118.21912384200016,32.64219551618923
1978,118.31912384200015,32.64219551618923
1979,118.41912384200016,32.64219551618923
1980,118.51912384200016,32.64219551618923
1981,118.61912384200015,32.64219551618923
1982,118.71912384200016,32.64219551618923
2043,118.31912384200015,32.74219551618924
2044,118.41912384200016,32.74219551618924
2045,118.51912384200016,32.74219551618924
