grid_id,lon_center,lat_center,precipitation
8,116.31912384200017,29.64219551618924,2018.1166980561163
9,116.41912384200016,29.64219551618924,2032.8041980561156
10,116.51912384200016,29.64219551618924,2047.4916980561147
67,115.71912384200016,29.74219551618924,1934.6242243312713
68,115.81912384200017,29.74219551618924,1931.6887360500211
69,115.91912384200016,29.74219551618924,1928.7532477687712
70,116.01912384200016,29.74219551618924,1940.855728798973
71,116.11912384200016,29.74219551618924,1954.3768616114737
72,116.21912384200016,29.74219551618924,1967.8979944239732
73,116.31912384200017,29.74219551618924,1982.2253650483035
74,116.41912384200016,29.74219551618924,1996.9128650483026
75,116.51912384200016,29.74219551618924,2011.6003650483017
76,116.61912384200016,29.74219551618924,2026.3932728123227
77,116.71912384200016,29.74219551618924,2041.3056751560719
130,115.51912384200016,29.84219551618924,1927.274693711286
131,115.61912384200016,29.84219551618924,1922.3557093362856
132,115.71912384200016,29.84219551618924,1919.3036676906468
133,115.81912384200017,29.84219551618924,1916.3681794093964
134,115.91912384200016,29.84219551618924,1913.4326911281464
135,116.01912384200016,29.84219551618924,1910.4972028468965
136,116.11912384200016,29.84219551618924,1918.485528603662
137,116.21912384200016,29.84219551618924,1932.0066614161615
138,116.31912384200017,29.84219551618924,1946.3340320404918
139,116.41912384200016,29.84219551618924,1961.021532040491
140,116.51912384200016,29.84219551618924,1975.8706653904474
141,116.61912384200016,29.84219551618924,1990.7830677341985
142,116.71912384200016,29.84219551618924,2005.6954700779474
143,116.81912384200017,29.84219551618924,2020.6078724216989
144,116.91912384200016,29.84219551618924,2044.9308474935976
145,117.01912384200016,29.84219551618924,2081.170886556096
146,117.11912384200016,29.84219551618924,2117.410925618599
195,115.51912384200016,29.94219551618924,1908.800575142687
196,115.61912384200016,29.94219551618924,1907.0351526956606
197,115.71912384200016,29.94219551618924,1903.9831110500213
198,115.81912384200017,29.94219551618924,1901.0476227687711
199,115.91912384200016,29.94219551618924,1898.1121344875212
200,116.01912384200016,29.94219551618924,1895.1766462062712
201,116.11912384200016,29.94219551618924,1892.241157925021
202,116.21912384200016,29.94219551618924,1896.1153284083484
203,116.31912384200017,29.94219551618924,1910.4426990326788
204,116.41912384200016,29.94219551618924,1925.3480579685724
205,116.51912384200016,29.94219551618924,1940.2604603123218
206,116.61912384200016,29.94219551618924,1955.172862656073
207,116.71912384200016,29.94219551618924,1970.0852649998221
208,116.81912384200017,29.94219551618924,1984.9976673435735
209,116.91912384200016,29.94219551618924,2009.320642415472
210,117.01912384200016,29.94219551618924,2045.5606814779703
211,117.11912384200016,29.94219551618924,2081.8007205404733
212,117.21912384200016,29.94219551618924,2118.040759602971
218,117.81912384200017,29.94219551618924,2181.1856012341823
219,117.91912384200016,29.94219551618924,2168.486499671683
260,115.51912384200016,30.042195516189235,1874.519884269171
261,115.61912384200016,30.042195516189235,1889.8209745204056
262,115.71912384200016,30.042195516189235,1888.6792121607834
263,115.81912384200017,30.042195516189235,1885.7437238795335
264,115.91912384200016,30.042195516189235,1882.8082355982835
265,116.01912384200016,30.042195516189235,1879.8727473170336
266,116.11912384200016,30.042195516189235,1876.9372590357834
267,116.21912384200016,30.042195516189235,1878.9392556756734
268,116.31912384200017,30.042195516189235,1878.858336454357
269,116.41912384200016,30.042195516189235,1893.770738798106
270,116.51912384200016,30.042195516189235,1908.6831411418557
271,116.61912384200016,30.042195516189235,1923.5955434856064
272,116.71912384200016,30.042195516189235,1938.5079458293558
273,116.81912384200017,30.042195516189235,1953.420348173107
274,116.91912384200016,30.042195516189235,1977.7433232450057
275,117.01912384200016,30.042195516189235,2013.9833623075037
276,117.11912384200016,30.042195516189235,2050.223401370007
277,117.21912384200016,30.042195516189235,2086.4634404325047
278,117.31912384200017,30.042195516189235,2122.7034794950077
279,117.41912384200016,30.042195516189235,2158.9435185575057
280,117.51912384200016,30.042195516189235,2173.0608169314996
281,117.61912384200016,30.042195516189235,2166.304995233875
282,117.71912384200016,30.042195516189235,2153.605893671376
283,117.81912384200017,30.042195516189235,2140.9067921088754
284,117.91912384200016,30.042195516189235,2128.207690546376
285,118.01912384200016,30.042195516189235,2115.5085889838765
286,118.11912384200016,30.042195516189235,2102.8094874213757
287,118.21912384200016,30.042195516189235,2158.824173094564
288,118.31912384200017,30.042195516189235,2219.128665282069
326,115.61912384200016,30.14219551618924,1874.5398954188424
327,115.71912384200016,30.14219551618924,1873.39813305922
328,115.81912384200017,30.14219551618924,1870.4626447779701
329,115.91912384200016,30.14219551618924,1867.5271564967202
330,116.01912384200016,30.14219551618924,1864.5916682154702
331,116.11912384200016,30.14219551618924,1872.2382498163001
332,116.21912384200016,30.14219551618924,1891.881101378799
333,116.31912384200017,30.14219551618924,1886.6905241644708
334,116.41912384200016,30.14219551618924,1870.4073796332218
335,116.51912384200016,30.14219551618924,1882.6305532512292
336,116.61912384200016,30.14219551618924,1897.5429555949802
337,116.71912384200016,30.14219551618924,1912.4553579387295
338,116.81912384200017,30.14219551618924,1927.3677602824807
339,116.91912384200016,30.14219551618924,1951.6907353543795
340,117.01912384200016,30.14219551618924,1987.9307744168773
341,117.11912384200016,30.14219551618924,2024.1708134793805
342,117.21912384200016,30.14219551618924,2060.4108525418783
343,117.31912384200017,30.14219551618924,2096.6508916043817
344,117.41912384200016,30.14219551618924,2103.2409254583085
345,117.51912384200016,30.14219551618924,2108.7474868533714
346,117.61912384200016,30.14219551618924,2113.725904822122
347,117.71912384200016,30.14219551618924,2111.389463007312
348,117.81912384200017,30.14219551618924,2098.6903614448106
349,117.91912384200016,30.14219551618924,2085.9912598823116
350,118.01912384200016,30.14219551618924,2073.292158319812
351,118.11912384200016,30.14219551618924,2060.5930567573114
352,118.21912384200016,30.14219551618924,2116.607742430499
353,118.31912384200017,30.14219551618924,2176.9122346180043
354,118.41912384200016,30.14219551618924,2237.216726805501
355,118.51912384200016,30.14219551618924,2297.5212189929975
356,118.61912384200016,30.14219551618924,2340.9855782292952
357,118.71912384200016,30.14219551618924,2365.3592696355436
358,118.81912384200017,30.14219551618924,2331.974199228739
365,119.51912384200016,30.14219551618924,2079.8478158582307
366,119.61912384200016,30.14219551618924,2059.023565369426
367,119.71912384200016,30.14219551618924,2042.162022400677
368,119.81912384200017,30.14219551618924,2025.3004794319254
369,119.91912384200016,30.14219551618924,2008.4389364631766
393,115.81912384200017,30.24219551618924,1855.1815656764072
394,115.91912384200016,30.24219551618924,1852.2460773951575
395,116.01912384200016,30.24219551618924,1865.5372439569237
396,116.11912384200016,30.24219551618924,1885.1800955194255
397,116.21912384200016,30.24219551618924,1904.8229470819244
398,116.31912384200017,30.24219551618924,1899.6323698675963
399,116.41912384200016,30.24219551618924,1883.3492253363472
400,116.51912384200016,30.24219551618924,1867.0660808050982
401,116.61912384200016,30.24219551618924,1871.490367704355
402,116.71912384200016,30.24219551618924,1886.4027700481042
403,116.81912384200017,30.24219551618924,1901.3151723918554
404,116.91912384200016,30.24219551618924,1925.6381474637542
405,117.01912384200016,30.24219551618924,1961.8781865262522
406,117.11912384200016,30.24219551618924,1998.1182255887554
407,117.21912384200016,30.24219551618924,2027.6647047551824
408,117.31912384200017,30.24219551618924,2033.296150067683
409,117.41912384200016,30.24219551618924,2038.9275953801825
410,117.51912384200016,30.24219551618924,2044.4341567752458
411,117.61912384200016,30.24219551618924,2049.412574743996
412,117.71912384200016,30.24219551618924,2054.390992712746
413,117.81912384200017,30.24219551618924,2056.4739307807477
414,117.91912384200016,30.24219551618924,2043.7748292182482
415,118.01912384200016,30.24219551618924,2031.0757276557488
416,118.11912384200016,30.24219551618924,2018.376626093248
417,118.21912384200016,30.24219551618924,2074.391311766436
418,118.31912384200017,30.24219551618924,2134.6958039539413
419,118.41912384200016,30.24219551618924,2195.0002961414375
420,118.51912384200016,30.24219551618924,2229.4819551824166
421,118.61912384200016,30.24219551618924,2253.855646588669
422,118.71912384200016,30.24219551618924,2278.229337994918
423,118.81912384200017,30.24219551618924,2244.844267588113
424,118.91912384200016,30.24219551618924,2185.6595800881164
429,119.41912384200016,30.24219551618924,2104.459983826979
430,119.51912384200016,30.24219551618924,2075.8118783582304
431,119.61912384200016,30.24219551618924,2047.1637728894782
432,119.71912384200016,30.24219551618924,2023.3928817756764
433,119.81912384200017,30.24219551618924,2006.531338806925
434,119.91912384200016,30.24219551618924,1989.669795838176
435,120.01912384200016,30.24219551618924,1974.7160727462153
436,120.11912384200016,30.24219551618924,1967.8306625899645
437,120.21912384200016,30.24219551618924,1960.945252433715
459,115.91912384200016,30.34219551618924,1858.8362380975495
460,116.01912384200016,30.34219551618924,1878.4790896600484
461,116.11912384200016,30.34219551618924,1898.1219412225503
462,116.21912384200016,30.34219551618924,1917.764792785049
463,116.31912384200017,30.34219551618924,1912.5742155707208
464,116.41912384200016,30.34219551618924,1896.2910710394717
465,116.51912384200016,30.34219551618924,1880.0079265082227
466,116.61912384200016,30.34219551618924,1863.7247819769714
467,116.71912384200016,30.34219551618924,1860.3501821574798
468,116.81912384200017,30.34219551618924,1875.2625845012312
469,116.91912384200016,30.34219551618924,1899.5855595731298
470,117.01912384200016,30.34219551618924,1935.825598635628
471,117.11912384200016,30.34219551618924,1957.7199293645592
472,117.21912384200016,30.34219551618924,1963.3513746770586
473,117.31912384200017,30.34219551618924,1968.9828199895592
474,117.41912384200016,30.34219551618924,1974.6142653020588
475,117.51912384200016,30.34219551618924,1980.1208266971223
476,117.61912384200016,30.34219551618924,1985.0992446658724
477,117.71912384200016,30.34219551618924,1990.0776626346224
478,117.81912384200017,30.34219551618924,1995.0560806033727
479,117.91912384200016,30.34219551618924,2000.0344985721224
480,118.01912384200016,30.34219551618924,1988.8592969916874
481,118.11912384200016,30.34219551618924,1976.1601954291864
482,118.21912384200016,30.34219551618924,2032.1748811023742
483,118.31912384200017,30.34219551618924,2092.4793732898797
484,118.41912384200016,30.34219551618924,2117.9783321355453
485,118.51912384200016,30.34219551618924,2142.3520235417936
486,118.61912384200016,30.34219551618924,2166.7257149480456
487,118.71912384200016,30.34219551618924,2191.0994063542944
488,118.81912384200017,30.34219551618924,2157.7143359474894
489,118.91912384200016,30.34219551618924,2098.529648447493
490,119.01912384200016,30.34219551618924,2087.1195120182465
491,119.11912384200016,30.34219551618924,2094.410019830747
492,119.21912384200016,30.34219551618924,2101.700527643247
493,119.31912384200017,30.34219551618924,2108.991035455747
494,119.41912384200016,30.34219551618924,2100.4240463269794
495,119.51912384200016,30.34219551618924,2071.7759408582306
496,119.61912384200016,30.34219551618924,2043.1278353894784
497,119.71912384200016,30.34219551618924,2014.47972992073
498,119.81912384200017,30.34219551618924,1987.7621981819257
499,119.91912384200016,30.34219551618924,1970.9006552131766
500,120.01912384200016,30.34219551618924,1955.946932121216
501,120.11912384200016,30.34219551618924,1949.061521964965
502,120.21912384200016,30.34219551618924,1941.1066653138987
503,120.31912384200017,30.34219551618924,1929.3308450013978
504,120.41912384200016,30.34219551618924,1917.5550246888984
507,120.71912384200016,30.34219551618924,1891.5660276450312
508,120.81912384200017,30.34219551618924,1889.711672176281
509,120.91912384200016,30.34219551618924,1877.930573820501
524,115.91912384200016,30.44219551618924,1871.7780838006747
525,116.01912384200016,30.44219551618924,1891.4209353631736
526,116.11912384200016,30.44219551618924,1911.0637869256752
527,116.21912384200016,30.44219551618924,1930.7066384881743
528,116.31912384200017,30.44219551618924,1925.516061273846
529,116.41912384200016,30.44219551618924,1909.2329167425971
530,116.51912384200016,30.44219551618924,1892.9497722113479
531,116.61912384200016,30.44219551618924,1876.6666276800966
532,116.71912384200016,30.44219551618924,1860.3834831488475
533,116.81912384200017,30.44219551618924,1849.2099966106057
534,116.91912384200016,30.44219551618924,1873.5329716825045
535,117.01912384200016,30.44219551618924,1887.7751539739327
536,117.11912384200016,30.44219551618924,1893.406599286433
537,117.21912384200016,30.44219551618924,1899.0380445989329
538,117.31912384200017,30.44219551618924,1904.6694899114332
539,117.41912384200016,30.44219551618924,1910.3009352239333
540,117.51912384200016,30.44219551618924,1915.807496618996
541,117.61912384200016,30.44219551618924,1920.7859145877464
542,117.71912384200016,30.44219551618924,1925.7643325564964
543,117.81912384200017,30.44219551618924,1930.7427505252467
544,117.91912384200016,30.44219551618924,1935.7211684939964
545,118.01912384200016,30.44219551618924,1940.699586462746
546,118.11912384200016,30.44219551618924,1933.9437647651232
547,118.21912384200016,30.44219551618924,1982.101017682418
548,118.31912384200017,30.44219551618924,2006.4747090886704
549,118.41912384200016,30.44219551618924,2030.8484004949191
550,118.51912384200016,30.44219551618924,2055.2220919011675
551,118.61912384200016,30.44219551618924,2079.5957833074194
552,118.71912384200016,30.44219551618924,2103.969474713668
553,118.81912384200017,30.44219551618924,2070.5844043068632
554,118.91912384200016,30.44219551618924,2075.7930667057467
555,119.01912384200016,30.44219551618924,2083.083574518246
556,119.11912384200016,30.44219551618924,2090.374082330747
557,119.21912384200016,30.44219551618924,2097.6645901432466
558,119.31912384200017,30.44219551618924,2104.955097955747
559,119.41912384200016,30.44219551618924,2096.388108826979
560,119.51912384200016,30.44219551618924,2067.7400033582308
561,119.61912384200016,30.44219551618924,2039.0918978894783
562,119.71912384200016,30.44219551618924,2010.44379242073
563,119.81912384200017,30.44219551618924,1981.7956869519774
564,119.91912384200016,30.44219551618924,1953.147581483229
565,120.01912384200016,30.44219551618924,1937.1777914962156
566,120.11912384200016,30.44219551618924,1928.0003323060853
567,120.21912384200016,30.44219551618924,1916.224511993586
568,120.31912384200017,30.44219551618924,1904.4486916810847
569,120.41912384200016,30.44219551618924,1892.6728713685854
570,120.51912384200016,30.44219551618924,1880.8970510560862
571,120.61912384200016,30.44219551618924,1869.121230743585
572,120.71912384200016,30.44219551618924,1864.4428882736256
573,120.81912384200017,30.44219551618924,1852.3408570236247
574,120.91912384200016,30.44219551618924,1840.2388257736254
589,115.91912384200016,30.542195516189235,1883.5632510972455
590,116.01912384200016,30.542195516189235,1903.2061026597444
591,116.11912384200016,30.542195516189235,1922.8489542222462
592,116.21912384200016,30.542195516189235,1942.491805784745
593,116.31912384200017,30.542195516189235,1937.3012285704167
594,116.41912384200016,30.542195516189235,1921.018084039168
595,116.51912384200016,30.542195516189235,1904.7349395079186
596,116.61912384200016,30.542195516189235,1888.4517949766673
597,116.71912384200016,30.542195516189235,1872.168650445418
598,116.81912384200017,30.542195516189235,1855.885505914167
599,116.91912384200016,30.542195516189235,1837.2125472333175
600,117.01912384200016,30.542195516189235,1841.969183181014
601,117.11912384200016,30.542195516189235,1847.6006284935145
602,117.21912384200016,30.542195516189235,1853.2320738060141
603,117.31912384200017,30.542195516189235,1858.8635191185144
604,117.41912384200016,30.542195516189235,1864.4949644310143
605,117.51912384200016,30.542195516189235,1871.2331236616396
606,117.61912384200016,30.542195516189235,1878.3767446578993
607,117.71912384200016,30.542195516189235,1883.3551626266487
608,117.81912384200017,30.542195516189235,1888.3335805953993
609,117.91912384200016,30.542195516189235,1893.3119985641492
610,118.01912384200016,30.542195516189235,1898.2904165328987
611,118.11912384200016,30.542195516189235,1903.2688345016493
612,118.21912384200016,30.542195516189235,1906.9339784552326
613,118.31912384200017,30.542195516189235,1931.3076698614846
614,118.41912384200016,30.542195516189235,1955.6813612677333
615,118.51912384200016,30.542195516189235,1980.055052673982
616,118.61912384200016,30.542195516189235,2004.4287440802339
617,118.71912384200016,30.542195516189235,2028.8024354864826
618,118.81912384200017,30.542195516189235,2030.5855276966354
619,118.91912384200016,30.542195516189235,2037.876035509135
620,119.01912384200016,30.542195516189235,2045.1665433216344
621,119.11912384200016,30.542195516189235,2052.457051134135
622,119.21912384200016,30.542195516189235,2059.747558946635
623,119.31912384200017,30.542195516189235,2067.0380667591353
624,119.41912384200016,30.542195516189235,2058.4710776303673
625,119.51912384200016,30.542195516189235,2029.822972161619
626,119.61912384200016,30.542195516189235,2001.1748666928665
627,119.71912384200016,30.542195516189235,1972.5267612241182
628,119.81912384200017,30.542195516189235,1943.8786557553658
629,119.91912384200016,30.542195516189235,1915.2305502866175
630,120.01912384200016,30.542195516189235,1909.7125922250113
631,120.11912384200016,30.542195516189235,1899.1321861420074
632,120.21912384200016,30.542195516189235,1887.3563658295081
633,120.31912384200017,30.542195516189235,1875.580545517007
634,120.41912384200016,30.542195516189235,1863.8047252045076
635,120.51912384200016,30.542195516189235,1852.0289048920085
636,120.61912384200016,30.542195516189235,1840.2530845795075
637,120.71912384200016,30.542195516189235,1832.6701327428214
638,120.81912384200017,30.542195516189235,1820.5681014928202
639,120.91912384200016,30.542195516189235,1808.466070242821
640,121.01912384200016,30.542195516189235,1796.3640389928219
653,115.81912384200017,30.64219551618924,1874.1210098863098
654,115.91912384200016,30.64219551618924,1893.7638614488087
655,116.01912384200016,30.64219551618924,1913.4067130113071
656,116.11912384200016,30.64219551618924,1933.049564573809
657,116.21912384200016,30.64219551618924,1952.6924161363079
658,116.31912384200017,30.64219551618924,1947.5018389219797
659,116.41912384200016,30.64219551618924,1931.218694390731
660,116.51912384200016,30.64219551618924,1914.9355498594816
661,116.61912384200016,30.64219551618924,1898.65240532823
662,116.71912384200016,30.64219551618924,1879.225825557267
663,116.81912384200017,30.64219551618924,1848.5682474322643
664,116.91912384200016,30.64219551618924,1829.4451155926922
665,117.01912384200016,30.64219551618924,1824.9286116864423
666,117.11912384200016,30.64219551618924,1827.1482603294507
667,117.21912384200016,30.64219551618924,1832.7797056419504
668,117.31912384200017,30.64219551618924,1838.411150954451
669,117.41912384200016,30.64219551618924,1844.0425962669506
670,117.51912384200016,30.64219551618924,1850.7807554975761
671,117.61912384200016,30.64219551618924,1862.1992906538271
672,117.71912384200016,30.64219551618924,1870.9529409469608
673,117.81912384200017,30.64219551618924,1875.9313589157111
674,117.91912384200016,30.64219551618924,1880.909776884461
675,118.01912384200016,30.64219551618924,1885.8881948532105
676,118.11912384200016,30.64219551618924,1890.8666128219613
677,118.21912384200016,30.64219551618924,1879.1794486193126
678,118.31912384200017,30.64219551618924,1872.5288368536692
679,118.41912384200016,30.64219551618924,1896.9025282599177
680,118.51912384200016,30.64219551618924,1921.2762196661665
681,118.61912384200016,30.64219551618924,1945.6499110724185
682,118.71912384200016,30.64219551618924,1970.023602478667
683,118.81912384200017,30.64219551618924,1968.4583966646014
684,118.91912384200016,30.64219551618924,1955.3068341646024
685,119.01912384200016,30.64219551618924,1960.8351224231928
686,119.11912384200016,30.64219551618924,1968.1256302356935
687,119.21912384200016,30.64219551618924,1975.4161380481928
688,119.31912384200017,30.64219551618924,1982.7066458606937
689,119.41912384200016,30.64219551618924,1974.1396567319255
690,119.51912384200016,30.64219551618924,1945.4915512631771
691,119.61912384200016,30.64219551618924,1916.843445794425
692,119.71912384200016,30.64219551618924,1888.1953403256764
693,119.81912384200017,30.64219551618924,1859.547234856924
694,119.91912384200016,30.64219551618924,1866.2043287740344
695,120.01912384200016,30.64219551618924,1870.9394476937593
696,120.11912384200016,30.64219551618924,1862.719232850009
697,120.21912384200016,30.64219551618924,1853.027728134194
698,120.31912384200017,30.64219551618924,1841.2519078216928
699,120.41912384200016,30.64219551618924,1829.4760875091936
700,120.51912384200016,30.64219551618924,1817.7002671966943
701,120.61912384200016,30.64219551618924,1805.9244468841932
702,120.71912384200016,30.64219551618924,1801.871800328376
703,120.81912384200017,30.64219551618924,1796.903892508444
704,120.91912384200016,30.64219551618924,1784.8018612584447
705,121.01912384200016,30.64219551618924,1772.6998300084456
706,121.11912384200016,30.64219551618924,1760.5977987584445
707,121.21912384200016,30.64219551618924,1748.4957675084452
718,115.81912384200017,30.74219551618924,1878.862907063949
719,115.91912384200016,30.74219551618924,1903.5312469076976
720,116.01912384200016,30.74219551618924,1923.60732336287
721,116.11912384200016,30.74219551618924,1943.2501749253718
722,116.21912384200016,30.74219551618924,1962.8930264878707
723,116.31912384200017,30.74219551618924,1957.7024492735422
724,116.41912384200016,30.74219551618924,1941.4193047422934
725,116.51912384200016,30.74219551618924,1925.1361602110442
726,116.61912384200016,30.74219551618924,1902.11597204164
727,116.71912384200016,30.74219551618924,1871.4583939166419
728,116.81912384200017,30.74219551618924,1840.8008157916393
729,116.91912384200016,30.74219551618924,1821.6776839520671
730,117.01912384200016,30.74219551618924,1817.1611800458172
731,117.11912384200016,30.74219551618924,1812.6446761395669
732,117.21912384200016,30.74219551618924,1812.3273374778878
733,117.31912384200017,30.74219551618924,1817.9587827903879
734,117.41912384200016,30.74219551618924,1823.590228102888
735,117.51912384200016,30.74219551618924,1830.3283873335133
736,117.61912384200016,30.74219551618924,1841.7469224897643
737,117.71912384200016,30.74219551618924,1853.1654576460135
738,117.81912384200017,30.74219551618924,1863.5291372360234
739,117.91912384200016,30.74219551618924,1868.5075552047733
740,118.01912384200016,30.74219551618924,1873.485973173523
741,118.11912384200016,30.74219551618924,1878.4643911422734
742,118.21912384200016,30.74219551618924,1866.7772269396248
743,118.31912384200017,30.74219551618924,1854.0496292833736
744,118.41912384200016,30.74219551618924,1841.3220316271245
745,118.51912384200016,30.74219551618924,1862.4973866583532
746,118.61912384200016,30.74219551618924,1886.8710780646052
747,118.71912384200016,30.74219551618924,1911.2447694708537
748,118.81912384200017,30.74219551618924,1909.679563656788
749,118.91912384200016,30.74219551618924,1896.528001156789
750,119.01912384200016,30.74219551618924,1883.3764386567898
751,119.11912384200016,30.74219551618924,1883.7942093372549
752,119.21912384200016,30.74219551618924,1891.0847171497544
753,119.31912384200017,30.74219551618924,1898.3752249622548
754,119.41912384200016,30.74219551618924,1889.8082358334868
755,119.51912384200016,30.74219551618924,1861.1601303647385
756,119.61912384200016,30.74219551618924,1832.5120248959863
757,119.71912384200016,30.74219551618924,1811.8341529927836
758,119.81912384200017,30.74219551618924,1819.6326686177845
759,119.91912384200016,30.74219551618924,1827.431184242784
760,120.01912384200016,30.74219551618924,1832.1663031625087
761,120.11912384200016,30.74219551618924,1823.9460883187583
762,120.21912384200016,30.74219551618924,1815.7258734750087
763,120.31912384200017,30.74219551618924,1806.92327012638
764,120.41912384200016,30.74219551618924,1795.1474498138805
765,120.51912384200016,30.74219551618924,1783.3716295013812
766,120.61912384200016,30.74219551618924,1771.5958091888804
767,120.71912384200016,30.74219551618924,1767.543162633063
768,120.81912384200017,30.74219551618924,1763.9726743518129
769,120.91912384200016,30.74219551618924,1760.4021860705627
770,121.01912384200016,30.74219551618924,1749.0356210240705
771,121.11912384200016,30.74219551618924,1736.9335897740693
772,121.21912384200016,30.74219551618924,1724.83155852407
773,121.31912384200017,30.74219551618924,1715.2060914249807
774,121.41912384200016,30.74219551618924,1706.6868531437312
783,115.81912384200017,30.84219551618924,1882.7816570639488
784,115.91912384200016,30.84219551618924,1907.4499969076974
785,116.01912384200016,30.84219551618924,1932.118336751446
786,116.11912384200016,30.84219551618924,1953.4507852769339
787,116.21912384200016,30.84219551618924,1973.093636839433
788,116.31912384200017,30.84219551618924,1967.9030596251046
789,116.41912384200016,30.84219551618924,1951.6199150938558
790,116.51912384200016,30.84219551618924,1925.0061185260179
791,116.61912384200016,30.84219551618924,1894.348540401015
792,116.71912384200016,30.84219551618924,1863.6909622760172
793,116.81912384200017,30.84219551618924,1833.0333841510142
794,116.91912384200016,30.84219551618924,1813.9102523114423
795,117.01912384200016,30.84219551618924,1809.3937484051926
796,117.11912384200016,30.84219551618924,1804.877244498942
797,117.21912384200016,30.84219551618924,1800.3607405926925
798,117.31912384200017,30.84219551618924,1797.5064146263262
799,117.41912384200016,30.84219551618924,1803.1378599388258
800,117.51912384200016,30.84219551618924,1809.8760191694512
801,117.61912384200016,30.84219551618924,1821.2945543257022
802,117.71912384200016,30.84219551618924,1832.7130894819516
803,117.81912384200017,30.84219551618924,1844.1316246382025
804,117.91912384200016,30.84219551618924,1855.550159794452
805,118.01912384200016,30.84219551618924,1861.0837514938357
806,118.11912384200016,30.84219551618924,1866.062169462586
807,118.21912384200016,30.84219551618924,1854.3750052599376
808,118.31912384200017,30.84219551618924,1841.6474076036866
809,118.41912384200016,30.84219551618924,1828.9198099474372
810,118.51912384200016,30.84219551618924,1816.192212291188
811,118.61912384200016,30.84219551618924,1828.0922450567937
812,118.71912384200016,30.84219551618924,1852.4659364630425
813,118.81912384200017,30.84219551618924,1850.9007306489768
814,118.91912384200016,30.84219551618924,1837.7491681489778
815,119.01912384200016,30.84219551618924,1824.5976056489785
816,119.11912384200016,30.84219551618924,1811.4460431489772
817,119.21912384200016,30.84219551618924,1806.7532962513185
818,119.31912384200017,30.84219551618924,1814.0438040638192
819,119.41912384200016,30.84219551618924,1805.4768149350512
820,119.51912384200016,30.84219551618924,1776.8287094663026
821,119.61912384200016,30.84219551618924,1765.262492836535
822,119.71912384200016,30.84219551618924,1773.0610084615346
823,119.81912384200017,30.84219551618924,1780.8595240865352
824,119.91912384200016,30.84219551618924,1788.658039711535
825,120.01912384200016,30.84219551618924,1793.3931586312597
826,120.11912384200016,30.84219551618924,1785.172943787509
827,120.21912384200016,30.84219551618924,1776.9527289437594
828,120.31912384200017,30.84219551618924,1768.7325141000088
829,120.41912384200016,30.84219551618924,1760.5122992562592
830,120.51912384200016,30.84219551618924,1749.0429918060695
831,120.61912384200016,30.84219551618924,1737.2671714935684
832,120.71912384200016,30.84219551618924,1733.2145249377513
833,120.81912384200017,30.84219551618924,1729.6440366565012
834,120.91912384200016,30.84219551618924,1726.073548375251
835,121.01912384200016,30.84219551618924,1722.5030600940013
836,121.11912384200016,30.84219551618924,1713.2693807896947
837,121.21912384200016,30.84219551618924,1701.1673495396954
838,121.31912384200017,30.84219551618924,1691.541882440606
839,121.41912384200016,30.84219551618924,1683.0226441593568
840,121.51912384200016,30.84219551618924,1674.503405878107
841,121.61912384200016,30.84219551618924,1665.9841675968564
842,121.71912384200016,30.84219551618924,1648.8452511139728
843,121.81912384200017,30.84219551618924,1619.4951925202204
844,121.91912384200016,30.84219551618924,1601.0258406793887
848,115.81912384200017,30.94219551618924,1886.700407063949
849,115.91912384200016,30.94219551618924,1911.3687469076974
850,116.01912384200016,30.94219551618924,1936.037086751446
851,116.11912384200016,30.94219551618924,1960.705426595198
852,116.21912384200016,30.94219551618924,1983.2942471909955
853,116.31912384200017,30.94219551618924,1978.1036699766673
854,116.41912384200016,30.94219551618924,1947.8962650103908
855,116.51912384200016,30.94219551618924,1917.2386868853928
856,116.61912384200016,30.94219551618924,1886.58110876039
857,116.71912384200016,30.94219551618924,1855.9235306353921
858,116.81912384200017,30.94219551618924,1825.265952510389
859,116.91912384200016,30.94219551618924,1806.142820670817
860,117.01912384200016,30.94219551618924,1801.6263167645675
861,117.11912384200016,30.94219551618924,1797.1098128583171
862,117.21912384200016,30.94219551618924,1792.5933089520672
863,117.31912384200017,30.94219551618924,1788.0768050458166
864,117.41912384200016,30.94219551618924,1783.560301139567
865,117.51912384200016,30.94219551618924,1789.4236510053884
866,117.61912384200016,30.94219551618924,1800.8421861616393
867,117.71912384200016,30.94219551618924,1812.2607213178887
868,117.81912384200017,30.94219551618924,1823.6792564741397
869,117.91912384200016,30.94219551618924,1835.097791630389
870,118.01912384200016,30.94219551618924,1846.5163267866383
871,118.11912384200016,30.94219551618924,1853.6599477828986
872,118.21912384200016,30.94219551618924,1841.9727835802498
873,118.31912384200017,30.94219551618924,1829.2451859239986
874,118.41912384200016,30.94219551618924,1816.5175882677495
875,118.51912384200016,30.94219551618924,1803.7899906115003
876,118.61912384200016,30.94219551618924,1791.062392955249
877,118.71912384200016,30.94219551618924,1793.6871034552291
878,118.81912384200017,30.94219551618924,1792.1218976411637
879,118.91912384200016,30.94219551618924,1778.9703351411645
880,119.01912384200016,30.94219551618924,1765.8187726411652
881,119.11912384200016,30.94219551618924,1752.667210141164
882,119.21912384200016,30.94219551618924,1739.5156476411648
883,119.31912384200017,30.94219551618924,1729.7123831653805
884,119.41912384200016,30.94219551618924,1721.1453940366125
885,119.51912384200016,30.94219551618924,1718.6908326802836
886,119.61912384200016,30.94219551618924,1726.4893483052845
887,119.71912384200016,30.94219551618924,1734.287863930284
888,119.81912384200017,30.94219551618924,1742.0863795552846
889,119.91912384200016,30.94219551618924,1749.884895180284
890,120.01912384200016,30.94219551618924,1754.620014100009
891,120.11912384200016,30.94219551618924,1746.3997992562583
892,120.21912384200016,30.94219551618924,1738.1795844125088
893,120.31912384200017,30.94219551618924,1729.9593695687583
894,120.41912384200016,30.94219551618924,1721.7391547250088
895,120.51912384200016,30.94219551618924,1713.518939881259
896,120.61912384200016,30.94219551618924,1702.9385337982555
897,120.71912384200016,30.94219551618924,1698.8858872424385
898,120.81912384200017,30.94219551618924,1695.3153989611878
899,120.91912384200016,30.94219551618924,1691.7449106799381
900,121.01912384200016,30.94219551618924,1688.1744223986884
901,121.11912384200016,30.94219551618924,1684.603934117438
902,121.21912384200016,30.94219551618924,1677.5031405553202
903,121.31912384200017,30.94219551618924,1667.8776734562307
904,121.41912384200016,30.94219551618924,1659.3584351749814
905,121.51912384200016,30.94219551618924,1650.8391968937317
906,121.61912384200016,30.94219551618924,1642.319958612481
907,121.71912384200016,30.94219551618924,1633.8007203312318
908,121.81912384200017,30.94219551618924,1621.8695089264704
909,121.91912384200016,30.94219551618924,1603.4001570856387
916,116.11912384200016,31.042195516189235,1955.7408563520785
918,116.31912384200017,31.042195516189235,1945.6467329544785
919,116.41912384200016,31.042195516189235,1914.98915482948
920,116.51912384200016,31.042195516189235,1884.331576704482
921,116.61912384200016,31.042195516189235,1853.673998579479
922,116.71912384200016,31.042195516189235,1823.016420454481
923,116.81912384200017,31.042195516189235,1792.3588423294784
924,116.91912384200016,31.042195516189235,1780.5103186939186
925,117.01912384200016,31.042195516189235,1777.4150678892524
926,117.11912384200016,31.042195516189235,1772.8985639830023
927,117.21912384200016,31.042195516189235,1768.3820600767524
928,117.31912384200017,31.042195516189235,1763.8655561705018
929,117.41912384200016,31.042195516189235,1759.3490522642524
930,117.51912384200016,31.042195516189235,1756.2165467797545
931,117.61912384200016,31.042195516189235,1764.7107635888985
932,117.71912384200016,31.042195516189235,1776.129298745148
933,117.81912384200017,31.042195516189235,1787.547833901399
934,117.91912384200016,31.042195516189235,1798.9663690576483
935,118.01912384200016,31.042195516189235,1810.3849042138977
936,118.11912384200016,31.042195516189235,1821.8034393701487
937,118.21912384200016,31.042195516189235,1810.494706628812
938,118.31912384200017,31.042195516189235,1797.767108972561
939,118.41912384200016,31.042195516189235,1785.0395113163117
940,118.51912384200016,31.042195516189235,1772.3119136600626
941,118.61912384200016,31.042195516189235,1759.5843160038112
942,118.71912384200016,31.042195516189235,1751.9798953550503
943,118.81912384200017,31.042195516189235,1756.7496468196132
944,118.91912384200016,31.042195516189235,1743.5980843196144
945,119.01912384200016,31.042195516189235,1730.4465218196146
946,119.11912384200016,31.042195516189235,1717.2949593196138
947,119.21912384200016,31.042195516189235,1704.1433968196145
948,119.31912384200017,31.042195516189235,1690.9918343196134
949,119.41912384200016,31.042195516189235,1687.0842511903995
950,119.51912384200016,31.042195516189235,1694.882766815399
951,119.61912384200016,31.042195516189235,1702.6812824403996
952,119.71912384200016,31.042195516189235,1710.4797980653993
953,119.81912384200017,31.042195516189235,1718.2783136904
954,119.91912384200016,31.042195516189235,1726.0768293153994
955,120.01912384200016,31.042195516189235,1721.639915247117
956,120.11912384200016,31.042195516189235,1714.2510211142503
957,120.21912384200016,31.042195516189235,1706.0308062705008
958,120.31912384200017,31.042195516189235,1697.81059142675
959,120.41912384200016,31.042195516189235,1689.5903765830005
960,120.51912384200016,31.042195516189235,1681.370161739251
961,120.61912384200016,31.042195516189235,1673.1499468955005
962,120.71912384200016,31.042195516189235,1669.3062333348778
963,120.81912384200017,31.042195516189235,1665.7357450536274
964,120.91912384200016,31.042195516189235,1662.1652567723775
965,121.01912384200016,31.042195516189235,1658.5947684911278
966,121.11912384200016,31.042195516189235,1655.0242802098774
967,121.21912384200016,31.042195516189235,1651.5903317348743
968,121.31912384200017,31.042195516189235,1645.3018018006765
969,121.41912384200016,31.042195516189235,1636.7825635194272
970,121.51912384200016,31.042195516189235,1628.2633252381775
971,121.61912384200016,31.042195516189235,1619.7440869569268
972,121.71912384200016,31.042195516189235,1611.224848675677
973,121.81912384200017,31.042195516189235,1602.7056103944265
974,121.91912384200016,31.042195516189235,1587.3585781349816
984,116.41912384200016,31.14219551618924,1846.2047242917429
985,116.51912384200016,31.14219551618924,1816.985116743541
986,116.61912384200016,31.14219551618924,1786.3275386185383
987,116.71912384200016,31.14219551618924,1755.6699604935402
988,116.81912384200017,31.14219551618924,1725.0123823685374
989,116.91912384200016,31.14219551618924,1713.1638587329778
990,117.01912384200016,31.14219551618924,1725.1341517017272
991,117.11912384200016,31.14219551618924,1726.1606001158125
992,117.21912384200016,31.14219551618924,1721.6440962095626
993,117.31912384200017,31.14219551618924,1717.1275923033122
994,117.41912384200016,31.14219551618924,1712.6110883970625
995,117.51912384200016,31.14219551618924,1709.4785829125644
996,117.61912384200016,31.14219551618924,1712.1991102563147
997,117.71912384200016,31.14219551618924,1718.5188251123325
998,117.81912384200017,31.14219551618924,1729.9373602685837
999,117.91912384200016,31.14219551618924,1741.3558954248329
1000,118.01912384200016,31.14219551618924,1752.7744305810822
1001,118.11912384200016,31.14219551618924,1764.1929657373335
1002,118.21912384200016,31.14219551618924,1752.8842329959969
1003,118.31912384200017,31.14219551618924,1740.1566353397457
1004,118.41912384200016,31.14219551618924,1727.4290376834965
1005,118.51912384200016,31.14219551618924,1714.7014400272474
1006,118.61912384200016,31.14219551618924,1712.9538894956745
1007,118.71912384200016,31.14219551618924,1723.6537723081738
1008,118.81912384200017,31.14219551618924,1731.701905232694
1009,118.91912384200016,31.14219551618924,1738.5655575764436
1010,119.01912384200016,31.14219551618924,1727.139417327427
1011,119.11912384200016,31.14219551618924,1713.9878548274262
1012,119.21912384200016,31.14219551618924,1700.836292327427
1013,119.31912384200017,31.14219551618924,1687.6847298274258
1014,119.41912384200016,31.14219551618924,1683.7771466982117
1015,119.51912384200016,31.14219551618924,1691.5756623232114
1016,119.61912384200016,31.14219551618924,1699.374177948212
1017,119.71912384200016,31.14219551618924,1707.1726935732115
1018,119.81912384200017,31.14219551618924,1714.9712091982121
1019,119.91912384200016,31.14219551618924,1705.056289228557
1020,120.01912384200016,31.14219551618924,1695.4751691533656
1021,120.11912384200016,31.14219551618924,1689.7276105596152
1022,120.21912384200016,31.14219551618924,1682.9568804892497
1023,120.31912384200017,31.14219551618924,1674.736665645499
1024,120.41912384200016,31.14219551618924,1666.5164508017494
1025,120.51912384200016,31.14219551618924,1658.296235958
1026,120.61912384200016,31.14219551618924,1650.0760211142492
1027,120.71912384200016,31.14219551618924,1646.2323075536267
1028,120.81912384200017,31.14219551618924,1642.6618192723763
1029,120.91912384200016,31.14219551618924,1639.0913309911264
1030,121.01912384200016,31.14219551618924,1635.5208427098767
1031,121.11912384200016,31.14219551618924,1632.242987984873
1032,121.21912384200016,31.14219551618924,1629.2968747036234
1033,121.31912384200017,31.14219551618924,1623.1667039479892
1034,121.41912384200016,31.14219551618924,1615.6142820729897
1035,121.51912384200016,31.14219551618924,1607.178388714739
1036,121.61912384200016,31.14219551618924,1598.6591504334883
1037,121.71912384200016,31.14219551618924,1590.1399121522386
1038,121.81912384200017,31.14219551618924,1581.620673870988
1049,116.41912384200016,31.24219551618924,1758.0073610104916
1050,116.51912384200016,31.24219551618924,1744.0305055417423
1051,116.61912384200016,31.24219551618924,1718.9810786576
1052,116.71912384200016,31.24219551618924,1688.3235005326014
1053,116.81912384200017,31.24219551618924,1657.665922407599
1054,116.91912384200016,31.24219551618924,1645.8173987720393
1055,117.01912384200016,31.24219551618924,1657.7876917407887
1056,117.11912384200016,31.24219551618924,1669.7579847095399
1057,117.21912384200016,31.24219551618924,1674.9061323423743
1058,117.31912384200017,31.24219551618924,1670.389628436124
1059,117.41912384200016,31.24219551618924,1665.8731245298743
1060,117.51912384200016,31.24219551618924,1662.7406190453762
1061,117.61912384200016,31.24219551618924,1665.4611463891265
1062,117.71912384200016,31.24219551618924,1668.1816737328763
1063,117.81912384200017,31.24219551618924,1672.3268866357703
1064,117.91912384200016,31.24219551618924,1683.7454217920197
1065,118.01912384200016,31.24219551618924,1695.163956948269
1066,118.11912384200016,31.24219551618924,1706.58249210452
1067,118.21912384200016,31.24219551618924,1695.2737593631834
1068,118.31912384200017,31.24219551618924,1682.5461617069323
1069,118.41912384200016,31.24219551618924,1669.818564050683
1070,118.51912384200016,31.24219551618924,1673.9278836362982
1071,118.61912384200016,31.24219551618924,1684.627766448799
1072,118.71912384200016,31.24219551618924,1695.3276492612986
1073,118.81912384200017,31.24219551618924,1703.3757821858185
1074,118.91912384200016,31.24219551618924,1710.239434529568
1075,119.01912384200016,31.24219551618924,1717.1030868733176
1076,119.11912384200016,31.24219551618924,1710.6807503352386
1077,119.21912384200016,31.24219551618924,1697.5291878352393
1078,119.31912384200017,31.24219551618924,1684.3776253352385
1079,119.41912384200016,31.24219551618924,1680.4700422060241
1080,119.51912384200016,31.24219551618924,1688.2685578310238
1081,119.61912384200016,31.24219551618924,1696.0670734560247
1082,119.71912384200016,31.24219551618924,1699.8667384473067
1083,119.81912384200017,31.24219551618924,1689.3791407910558
1084,119.91912384200016,31.24219551618924,1678.8915431348066
1085,120.01912384200016,31.24219551618924,1669.3104230596152
1086,120.11912384200016,31.24219551618924,1663.562864465865
1087,120.21912384200016,31.24219551618924,1657.815305872115
1088,120.31912384200017,31.24219551618924,1651.6627398642486
1089,120.41912384200016,31.24219551618924,1643.442525020499
1090,120.51912384200016,31.24219551618924,1635.2223101767497
1091,120.61912384200016,31.24219551618924,1627.002095332999
1092,120.71912384200016,31.24219551618924,1623.1583817723763
1093,120.81912384200017,31.24219551618924,1619.5878934911261
1094,120.91912384200016,31.24219551618924,1616.0174052098762
1095,121.01912384200016,31.24219551618924,1612.895644234873
1096,121.11912384200016,31.24219551618924,1609.9495309536228
1097,121.21912384200016,31.24219551618924,1607.003417672373
1098,121.31912384200017,31.24219551618924,1600.873246916739
1099,121.41912384200016,31.24219551618924,1593.3208250417392
1100,121.51912384200016,31.24219551618924,1585.7684031667395
1101,121.61912384200016,31.24219551618924,1577.5742139100505
1102,121.71912384200016,31.24219551618924,1569.054975628801
1103,121.81912384200017,31.24219551618924,1560.5357373475504
1115,116.51912384200016,31.34219551618924,1655.8331422604942
1116,116.61912384200016,31.34219551618924,1641.856286791743
1117,116.71912384200016,31.34219551618924,1620.9770405716656
1118,116.81912384200017,31.34219551618924,1590.319462446663
1119,116.91912384200016,31.34219551618924,1578.4709388111032
1120,117.01912384200016,31.34219551618924,1590.4412317798528
1121,117.11912384200016,31.34219551618924,1602.4115247486038
1122,117.21912384200016,31.34219551618924,1614.381817717353
1123,117.31912384200017,31.34219551618924,1623.6516645689376
1124,117.41912384200016,31.34219551618924,1619.135160662688
1125,117.51912384200016,31.34219551618924,1616.0026551781898
1126,117.61912384200016,31.34219551618924,1618.72318252194
1127,117.71912384200016,31.34219551618924,1621.44370986569
1128,117.81912384200017,31.34219551618924,1624.1642372094402
1129,117.91912384200016,31.34219551618924,1626.88476455319
1130,118.01912384200016,31.34219551618924,1637.5534833154577
1131,118.11912384200016,31.34219551618924,1648.9720184717087
1132,118.21912384200016,31.34219551618924,1637.6632857303723
1133,118.31912384200017,31.34219551618924,1624.9356880741211
1134,118.41912384200016,31.34219551618924,1634.9018777769247
1135,118.51912384200016,31.34219551618924,1645.6017605894237
1136,118.61912384200016,31.34219551618924,1656.3016434019246
1137,118.71912384200016,31.34219551618924,1667.0015262144243
1138,118.81912384200017,31.34219551618924,1675.0496591389442
1139,118.91912384200016,31.34219551618924,1681.9133114826936
1140,119.01912384200016,31.34219551618924,1688.776963826443
1141,119.11912384200016,31.34219551618924,1695.6406161701939
1142,119.21912384200016,31.34219551618924,1694.2220833430517
1143,119.31912384200017,31.34219551618924,1681.0705208430509
1144,119.41912384200016,31.34219551618924,1677.1629377138368
1145,119.51912384200016,31.34219551618924,1684.9614533388362
1146,119.61912384200016,31.34219551618924,1684.1895900098066
1147,119.71912384200016,31.34219551618924,1673.7019923535572
1148,119.81912384200017,31.34219551618924,1663.2143946973063
1149,119.91912384200016,31.34219551618924,1652.7267970410571
1150,120.01912384200016,31.34219551618924,1643.1456769658657
1151,120.11912384200016,31.34219551618924,1637.3981183721153
1152,120.21912384200016,31.34219551618924,1631.6505597783657
1153,120.31912384200017,31.34219551618924,1625.903001184615
1154,120.41912384200016,31.34219551618924,1620.1554425908655
1155,120.51912384200016,31.34219551618924,1612.1483843955002
1156,120.61912384200016,31.34219551618924,1603.9281695517493
1157,120.71912384200016,31.34219551618924,1600.084455991127
1158,120.81912384200017,31.34219551618924,1596.5139677098766
1159,120.91912384200016,31.34219551618924,1593.5483004848734
1160,121.01912384200016,31.34219551618924,1590.6021872036233
1161,121.11912384200016,31.34219551618924,1587.6560739223733
1162,121.21912384200016,31.34219551618924,1584.7099606411234
1163,121.31912384200017,31.34219551618924,1578.5797898854894
1164,121.41912384200016,31.34219551618924,1571.02736801049
1165,121.51912384200016,31.34219551618924,1563.47494613549
1166,121.61912384200016,31.34219551618924,1555.9225242604894
1167,121.71912384200016,31.34219551618924,1547.9700391053639
1179,116.41912384200016,31.44219551618924,1581.6126344479924
1180,116.51912384200016,31.44219551618924,1567.635778979243
1181,116.61912384200016,31.44219551618924,1553.6589235104916
1182,116.71912384200016,31.44219551618924,1539.6820680417425
1183,116.81912384200017,31.44219551618924,1522.9730024857245
1184,116.91912384200016,31.44219551618924,1511.1244788501647
1185,117.01912384200016,31.44219551618924,1523.094771818914
1186,117.11912384200016,31.44219551618924,1535.0650647876655
1187,117.21912384200016,31.44219551618924,1547.0353577564144
1188,117.31912384200017,31.44219551618924,1559.0056507251654
1189,117.41912384200016,31.44219551618924,1570.9759436939148
1190,117.51912384200016,31.44219551618924,1569.264691311002
1191,117.61912384200016,31.44219551618924,1571.9852186547519
1192,117.71912384200016,31.44219551618924,1574.705745998502
1193,117.81912384200017,31.44219551618924,1577.4262733422522
1194,117.91912384200016,31.44219551618924,1580.146800686002
1195,118.01912384200016,31.44219551618924,1582.867328029752
1196,118.11912384200016,31.44219551618924,1591.3615448388953
1197,118.21912384200016,31.44219551618924,1585.1759891050488
1198,118.31912384200017,31.44219551618924,1595.8758719175498
1199,118.41912384200016,31.44219551618924,1606.5757547300493
1200,118.51912384200016,31.44219551618924,1617.2756375425483
1201,118.61912384200016,31.44219551618924,1627.9755203550494
1202,118.71912384200016,31.44219551618924,1638.675403167549
1203,118.81912384200017,31.44219551618924,1646.7235360920686
1204,118.91912384200016,31.44219551618924,1653.5871884358185
1205,119.01912384200016,31.44219551618924,1660.4508407795677
1206,119.11912384200016,31.44219551618924,1667.3144931233185
1207,119.21912384200016,31.44219551618924,1674.1781454670681
1208,119.31912384200017,31.44219551618924,1677.7634163508633
1209,119.41912384200016,31.44219551618924,1673.8558332216492
1210,119.51912384200016,31.44219551618924,1668.5124415723074
1211,119.61912384200016,31.44219551618924,1658.0248439160564
1212,119.71912384200016,31.44219551618924,1647.537246259807
1213,119.81912384200017,31.44219551618924,1637.0496486035559
1214,119.91912384200016,31.44219551618924,1626.5620509473067
1215,120.01912384200016,31.44219551618924,1616.9809308721156
1216,120.11912384200016,31.44219551618924,1611.233372278365
1217,120.21912384200016,31.44219551618924,1605.4858136846153
1218,120.31912384200017,31.44219551618924,1599.7382550908646
1219,120.41912384200016,31.44219551618924,1593.990696497115
1220,120.51912384200016,31.44219551618924,1588.2431379033656
1221,120.61912384200016,31.44219551618924,1580.854243770499
1222,120.71912384200016,31.44219551618924,1577.147070016123
1223,120.81912384200017,31.44219551618924,1574.2009567348728
1224,120.91912384200016,31.44219551618924,1571.2548434536232
1225,121.01912384200016,31.44219551618924,1568.3087301723733
1226,121.11912384200016,31.44219551618924,1565.362616891123
1227,121.21912384200016,31.44219551618924,1562.416503609873
1228,121.31912384200017,31.44219551618924,1556.286332854239
1229,121.41912384200016,31.44219551618924,1548.7339109792395
1230,121.51912384200016,31.44219551618924,1541.1814891042397
1244,116.41912384200016,31.542195516189235,1514.8088614484757
1245,116.51912384200016,31.542195516189235,1500.8320059797263
1246,116.61912384200016,31.542195516189235,1486.8551505109751
1247,116.71912384200016,31.542195516189235,1472.8782950422258
1248,116.81912384200017,31.542195516189235,1458.9014395734746
1249,116.91912384200016,31.542195516189235,1461.5806566973301
1250,117.01912384200016,31.542195516189235,1472.8849967752526
1251,117.11912384200016,31.542195516189235,1484.8552897440036
1252,117.21912384200016,31.542195516189235,1496.825582712753
1253,117.31912384200017,31.542195516189235,1508.7958756815037
1254,117.41912384200016,31.542195516189235,1520.7661686502531
1255,117.51912384200016,31.542195516189235,1530.967551055493
1256,117.61912384200016,31.542195516189235,1533.6880783992433
1257,117.71912384200016,31.542195516189235,1536.4086057429931
1258,117.81912384200017,31.542195516189235,1539.1291330867434
1259,117.91912384200016,31.542195516189235,1541.849660430493
1260,118.01912384200016,31.542195516189235,1544.5701877742429
1261,118.11912384200016,31.542195516189235,1549.1798895446414
1262,118.21912384200016,31.542195516189235,1552.695008736534
1263,118.31912384200017,31.542195516189235,1563.394891549035
1264,118.41912384200016,31.542195516189235,1574.0947743615345
1265,118.51912384200016,31.542195516189235,1584.794657174034
1266,118.61912384200016,31.542195516189235,1595.4945399865348
1267,118.71912384200016,31.542195516189235,1606.194422799034
1268,118.81912384200017,31.542195516189235,1613.765970966361
1269,118.91912384200016,31.542195516189235,1620.6296233101107
1270,119.01912384200016,31.542195516189235,1627.49327565386
1271,119.11912384200016,31.542195516189235,1634.356927997611
1272,119.21912384200016,31.542195516189235,1641.2205803413603
1273,119.31912384200017,31.542195516189235,1648.084232685111
1274,119.41912384200016,31.542195516189235,1647.2918468938076
1275,119.51912384200016,31.542195516189235,1636.8042492375585
1276,119.61912384200016,31.542195516189235,1626.3166515813075
1277,119.71912384200016,31.542195516189235,1615.8290539250581
1278,119.81912384200017,31.542195516189235,1605.3414562688072
1279,119.91912384200016,31.542195516189235,1594.8538586125578
1280,120.01912384200016,31.542195516189235,1593.5432142350521
1281,120.11912384200016,31.542195516189235,1587.7956556413014
1282,120.21912384200016,31.542195516189235,1582.048097047552
1283,120.31912384200017,31.542195516189235,1576.3005384538012
1284,120.41912384200016,31.542195516189235,1570.5529798600517
1285,120.51912384200016,31.542195516189235,1564.805421266302
1286,120.61912384200016,31.542195516189235,1559.8685184056
1287,120.71912384200016,31.542195516189235,1556.8030849790478
1288,120.81912384200017,31.542195516189235,1553.8569716977977
1289,120.91912384200016,31.542195516189235,1550.9108584165479
1290,121.01912384200016,31.542195516189235,1547.964745135298
1291,121.11912384200016,31.542195516189235,1545.0186318540477
1292,121.21912384200016,31.542195516189235,1542.072518572798
1293,121.31912384200017,31.542195516189235,1535.9423478171639
1310,116.51912384200016,31.64219551618924,1463.335741331287
1311,116.61912384200016,31.64219551618924,1449.358885862536
1312,116.71912384200016,31.64219551618924,1438.9542240309634
1313,116.81912384200017,31.64219551618924,1441.3124466872137
1314,116.91912384200016,31.64219551618924,1444.5032397051418
1315,117.01912384200016,31.64219551618924,1448.7483568926414
1316,117.11912384200016,31.64219551618924,1458.1214030252524
1317,117.21912384200016,31.64219551618924,1470.0916959940018
1318,117.31912384200017,31.64219551618924,1482.0619889627528
1319,117.41912384200016,31.64219551618924,1494.032281931502
1320,117.51912384200016,31.64219551618924,1504.2336643367416
1321,117.61912384200016,31.64219551618924,1506.954191680492
1322,117.71912384200016,31.64219551618924,1509.6747190242418
1323,117.81912384200017,31.64219551618924,1512.395246367992
1324,117.91912384200016,31.64219551618924,1515.115773711742
1325,118.01912384200016,31.64219551618924,1520.7331805602644
1326,118.11912384200016,31.64219551618924,1527.4845282165152
1327,118.21912384200016,31.64219551618924,1525.5450281326441
1328,118.31912384200017,31.64219551618924,1525.2220888146583
1329,118.41912384200016,31.64219551618924,1535.9219716271575
1330,118.51912384200016,31.64219551618924,1546.621854439657
1331,118.61912384200016,31.64219551618924,1557.3217372521578
1332,118.71912384200016,31.64219551618924,1568.0216200646573
1333,118.81912384200017,31.64219551618924,1575.445167773854
1334,118.91912384200016,31.64219551618924,1581.4052458988538
1335,119.01912384200016,31.64219551618924,1588.1910051460459
1336,119.11912384200016,31.64219551618924,1595.0546574897962
1337,119.21912384200016,31.64219551618924,1601.9183098335461
1338,119.31912384200017,31.64219551618924,1608.7819621772967
1339,119.41912384200016,31.64219551618924,1607.9895763859931
1340,119.51912384200016,31.64219551618924,1597.5019787297438
1341,119.61912384200016,31.64219551618924,1587.014381073493
1342,119.71912384200016,31.64219551618924,1576.5267834172437
1343,119.81912384200017,31.64219551618924,1566.0391857609927
1344,119.91912384200016,31.64219551618924,1570.7408114971233
1345,120.01912384200016,31.64219551618924,1573.841309938176
1346,120.11912384200016,31.64219551618924,1568.0937513444255
1347,120.21912384200016,31.64219551618924,1562.346192750676
1348,120.31912384200017,31.64219551618924,1556.5986341569253
1349,120.41912384200016,31.64219551618924,1550.8510755631755
1350,120.51912384200016,31.64219551618924,1546.3465848118494
1351,120.61912384200016,31.64219551618924,1542.3286746555991
1352,120.71912384200016,31.64219551618924,1539.2190411910879
1353,120.81912384200017,31.64219551618924,1536.1836074399844
1354,120.91912384200016,31.64219551618924,1533.2374941587343
1355,121.01912384200016,31.64219551618924,1530.2913808774845
1356,121.11912384200016,31.64219551618924,1527.3452675962342
1357,121.21912384200016,31.64219551618924,1524.3991543149846
1363,121.81912384200017,31.64219551618924,1479.4802770999715
1364,121.91912384200016,31.64219551618924,1466.1369490604025
1376,116.61912384200016,31.74219551618924,1419.5185843825257
1377,116.71912384200016,31.74219551618924,1421.8768070387755
1378,116.81912384200017,31.74219551618924,1424.2350296950258
1379,116.91912384200016,31.74219551618924,1427.425822712954
1380,117.01912384200016,31.74219551618924,1431.6709399004537
1381,117.11912384200016,31.74219551618924,1435.916057087954
1382,117.21912384200016,31.74219551618924,1443.3578092752514
1383,117.31912384200017,31.74219551618924,1455.3281022440024
1384,117.41912384200016,31.74219551618924,1467.2983952127515
1385,117.51912384200016,31.74219551618924,1477.4997776179912
1386,117.61912384200016,31.74219551618924,1480.2203049617415
1387,117.71912384200016,31.74219551618924,1482.9408323054913
1388,117.81912384200017,31.74219551618924,1485.6613596492416
1389,117.91912384200016,31.74219551618924,1492.2864715758894
1390,118.01912384200016,31.74219551618924,1499.037819232139
1391,118.11912384200016,31.74219551618924,1505.7891668883897
1392,118.21912384200016,31.74219551618924,1503.8496668045188
1393,118.31912384200017,31.74219551618924,1501.3675964920185
1394,118.41912384200016,31.74219551618924,1498.8855261795186
1395,118.51912384200016,31.74219551618924,1508.4490517052814
1396,118.61912384200016,31.74219551618924,1519.1489345177824
1397,118.71912384200016,31.74219551618924,1529.8488173302817
1398,118.81912384200017,31.74219551618924,1537.2723650394787
1399,118.91912384200016,31.74219551618924,1543.2324431644784
1400,119.01912384200016,31.74219551618924,1549.192521289478
1401,119.11912384200016,31.74219551618924,1555.7523869819834
1402,119.21912384200016,31.74219551618924,1562.6160393257328
1403,119.31912384200017,31.74219551618924,1569.4796916694834
1404,119.41912384200016,31.74219551618924,1568.6873058781803
1405,119.51912384200016,31.74219551618924,1558.199708221931
1406,119.61912384200016,31.74219551618924,1547.71211056568
1407,119.71912384200016,31.74219551618924,1540.653516575248
1408,119.81912384200017,31.74219551618924,1545.8462118877483
1409,119.91912384200016,31.74219551618924,1551.038907200248
1410,120.01912384200016,31.74219551618924,1554.1394056413008
1411,120.11912384200016,31.74219551618924,1548.39184704755
1412,120.21912384200016,31.74219551618924,1542.6442884538005
1413,120.31912384200017,31.74219551618924,1536.89672986005
1414,120.41912384200016,31.74219551618924,1532.8246512180988
1415,120.51912384200016,31.74219551618924,1528.8067410618492
1416,120.61912384200016,31.74219551618924,1524.7888309055986
1417,120.71912384200016,31.74219551618924,1521.6791974410876
1418,120.81912384200017,31.74219551618924,1518.6262677535874
1419,120.91912384200016,31.74219551618924,1515.5733380660877
1420,121.01912384200016,31.74219551618924,1512.6180166196718
1421,121.11912384200016,31.74219551618924,1509.6719033384215
1425,121.51912384200016,31.74219551618924,1485.4907755515383
1426,121.61912384200016,31.74219551618924,1477.543543701534
1427,121.71912384200016,31.74219551618924,1469.1487390140346
1428,121.81912384200017,31.74219551618924,1460.753934326534
1429,121.91912384200016,31.74219551618924,1447.4106062869646
1443,116.81912384200017,31.84219551618924,1407.1576127028384
1444,116.91912384200016,31.84219551618924,1410.3484057207668
1445,117.01912384200016,31.84219551618924,1414.5935229082666
1446,117.11912384200016,31.84219551618924,1418.838640095767
1447,117.21912384200016,31.84219551618924,1423.0837572832668
1448,117.31912384200017,31.84219551618924,1428.5942155252528
1449,117.41912384200016,31.84219551618924,1440.564508494002
1450,117.51912384200016,31.84219551618924,1450.7658908992416
1451,117.61912384200016,31.84219551618924,1453.486418242992
1452,117.71912384200016,31.84219551618924,1457.0884149352646
1453,117.81912384200017,31.84219551618924,1463.8397625915154
1454,117.91912384200016,31.84219551618924,1470.5911102477648
1455,118.01912384200016,31.84219551618924,1477.3424579040145
1456,118.11912384200016,31.84219551618924,1484.093805560265
1457,118.21912384200016,31.84219551618924,1482.1543054763943
1458,118.31912384200017,31.84219551618924,1479.6722351638941
1459,118.41912384200016,31.84219551618924,1477.1901648513942
1460,118.51912384200016,31.84219551618924,1474.7080945388943
1461,118.61912384200016,31.84219551618924,1480.9761317834082
1462,118.71912384200016,31.84219551618924,1491.6760145959074
1463,118.81912384200017,31.84219551618924,1499.0995623051044
1464,118.91912384200016,31.84219551618924,1505.0596404301043
1465,119.01912384200016,31.84219551618924,1511.0197185551037
1466,119.11912384200016,31.84219551618924,1516.9797966801043
1467,119.21912384200016,31.84219551618924,1523.3137688179213
1468,119.31912384200017,31.84219551618924,1530.1774211616719
1469,119.41912384200016,31.84219551618924,1529.3850353703685
1470,119.51912384200016,31.84219551618924,1518.8974377141194
1471,119.61912384200016,31.84219551618924,1515.7589169658736
1472,119.71912384200016,31.84219551618924,1520.9516122783734
1473,119.81912384200017,31.84219551618924,1526.144307590874
1474,119.91912384200016,31.84219551618924,1531.3370029033736
1475,120.01912384200016,31.84219551618924,1534.4375013444262
1476,120.11912384200016,31.84219551618924,1528.6899427506755
1477,120.21912384200016,31.84219551618924,1523.3206277805994
1478,120.31912384200017,31.84219551618924,1519.302717624349
1479,120.41912384200016,31.84219551618924,1515.2848074680994
1480,120.51912384200016,31.84219551618924,1511.2668973118496
1481,120.61912384200016,31.84219551618924,1507.2489871555993
1482,120.71912384200016,31.84219551618924,1504.1393536910882
1483,120.81912384200017,31.84219551618924,1501.0864240035878
1484,120.91912384200016,31.84219551618924,1498.033494316088
1485,121.01912384200016,31.84219551618924,1494.9805646285884
1486,121.11912384200016,31.84219551618924,1491.9985390806094
1487,121.21912384200016,31.84219551618924,1489.0524257993598
1488,121.31912384200017,31.84219551618924,1482.9222550437253
1489,121.41912384200016,31.84219551618924,1475.369833168726
1490,121.51912384200016,31.84219551618924,1467.2120056155977
1491,121.61912384200016,31.84219551618924,1458.8172009280968
1492,121.71912384200016,31.84219551618924,1450.4223962405974
1493,121.81912384200017,31.84219551618924,1442.0275915530965
1494,121.91912384200016,31.84219551618924,1428.6842635135276
1510,117.01912384200016,31.94219551618924,1397.5161059160787
1511,117.11912384200016,31.94219551618924,1401.7612231035791
1512,117.21912384200016,31.94219551618924,1406.006340291079
1513,117.31912384200017,31.94219551618924,1410.2514574785791
1514,117.41912384200016,31.94219551618924,1414.4965746660791
1515,117.51912384200016,31.94219551618924,1424.0320041804914
1516,117.61912384200016,31.94219551618924,1428.64170595089
1517,117.71912384200016,31.94219551618924,1435.3930536071393
1518,117.81912384200017,31.94219551618924,1442.14440126339
1519,117.91912384200016,31.94219551618924,1448.8957489196396
1520,118.01912384200016,31.94219551618924,1455.6470965758892
1521,118.11912384200016,31.94219551618924,1462.3984442321398
1522,118.21912384200016,31.94219551618924,1460.458944148269
1523,118.31912384200017,31.94219551618924,1457.9768738357689
1524,118.41912384200016,31.94219551618924,1455.4948035232687
1525,118.51912384200016,31.94219551618924,1453.012733210769
1526,118.61912384200016,31.94219551618924,1450.5306628982687
1527,118.71912384200016,31.94219551618924,1453.5032118615318
1528,118.81912384200017,31.94219551618924,1460.9267595707288
1529,118.91912384200016,31.94219551618924,1466.8868376957284
1530,119.01912384200016,31.94219551618924,1472.846915820728
1531,119.11912384200016,31.94219551618924,1478.8069939457287
1532,119.21912384200016,31.94219551618924,1484.7670720707283
1533,119.31912384200017,31.94219551618924,1490.8751506538588
1534,119.41912384200016,31.94219551618924,1490.0827648625555
1535,119.51912384200016,31.94219551618924,1490.8643173564978
1536,119.61912384200016,31.94219551618924,1496.0570126689984
1537,119.71912384200016,31.94219551618924,1501.2497079814982
1538,119.81912384200017,31.94219551618924,1506.4424032939987
1539,119.91912384200016,31.94219551618924,1511.6350986064983
1540,120.01912384200016,31.94219551618924,1514.735597047551
1541,120.11912384200016,31.94219551618924,1509.798694186849
1542,120.21912384200016,31.94219551618924,1505.780784030599
1543,120.31912384200017,31.94219551618924,1501.7628738743488
1544,120.41912384200016,31.94219551618924,1497.7449637180991
1545,120.51912384200016,31.94219551618924,1493.7270535618495
1546,120.61912384200016,31.94219551618924,1489.709143405599
1547,120.71912384200016,31.94219551618924,1486.599509941088
1548,120.81912384200017,31.94219551618924,1483.5465802535875
1549,120.91912384200016,31.94219551618924,1480.4936505660876
1550,121.01912384200016,31.94219551618924,1477.440720878588
1551,121.11912384200016,31.94219551618924,1474.3877911910877
1552,121.21912384200016,31.94219551618924,1471.379061541547
1553,121.31912384200017,31.94219551618924,1465.2488907859126
1554,121.41912384200016,31.94219551618924,1456.8804675296594
1555,121.51912384200016,31.94219551618924,1448.4856628421599
1556,121.61912384200016,31.94219551618924,1440.0908581546591
1557,121.71912384200016,31.94219551618924,1431.6960534671598
1558,121.81912384200017,31.94219551618924,1423.3012487796589
1575,117.01912384200016,32.04219551618924,1374.6384125036639
1576,117.11912384200016,32.04219551618924,1378.8835296911643
1577,117.21912384200016,32.04219551618924,1383.1286468786639
1578,117.31912384200017,32.04219551618924,1387.3737640661643
1579,117.41912384200016,32.04219551618924,1391.6188812536639
1580,117.51912384200016,32.04219551618924,1399.5709485358861
1581,117.61912384200016,32.04219551618924,1405.8604075759947
1582,117.71912384200016,32.04219551618924,1412.6117552322444
1583,117.81912384200017,32.04219551618924,1419.3631028884947
1584,117.91912384200016,32.04219551618924,1426.1144505447446
1585,118.01912384200016,32.04219551618924,1432.865798200994
1586,118.11912384200016,32.04219551618924,1439.6171458572449
1587,118.21912384200016,32.04219551618924,1437.6776457733738
1588,118.31912384200017,32.04219551618924,1435.1955754608734
1589,118.41912384200016,32.04219551618924,1432.7135051483738
1590,118.51912384200016,32.04219551618924,1430.2314348358739
1591,118.61912384200016,32.04219551618924,1427.7493645233735
1592,118.71912384200016,32.04219551618924,1425.866808517806
1593,118.81912384200017,32.04219551618924,1430.0667405998288
1594,118.91912384200016,32.04219551618924,1436.0268187248284
1595,119.01912384200016,32.04219551618924,1441.9868968498283
1596,119.11912384200016,32.04219551618924,1447.9469749748287
1597,119.21912384200016,32.04219551618924,1453.9070530998283
1598,119.31912384200017,32.04219551618924,1459.8671312248289
1599,119.41912384200016,32.04219551618924,1462.1955624520956
1600,119.51912384200016,32.04219551618924,1467.2327392800669
1601,119.61912384200016,32.04219551618924,1472.4254345925674
1602,119.71912384200016,32.04219551618924,1477.618129905067
1603,119.81912384200017,32.04219551618924,1482.8108252175675
1604,119.91912384200016,32.04219551618924,1488.0035205300674
1605,120.01912384200016,32.04219551618924,1491.4347942054656
1606,120.11912384200016,32.04219551618924,1487.4168840492152
1607,120.21912384200016,32.04219551618924,1483.3989738929654
1608,120.31912384200017,32.04219551618924,1479.381063736715
1609,120.41912384200016,32.04219551618924,1475.3631535804652
1610,120.51912384200016,32.04219551618924,1471.3452434242154
1611,120.61912384200016,32.04219551618924,1470.7935597999603
1612,120.71912384200016,32.04219551618924,1468.118508388586
1613,120.81912384200017,32.04219551618924,1465.0655787010858
1614,120.91912384200016,32.04219551618924,1462.012649013586
1615,121.01912384200016,32.04219551618924,1458.959719326086
1616,121.11912384200016,32.04219551618924,1455.9067896385857
1617,121.21912384200016,32.04219551618924,1451.8528114935953
1618,121.31912384200017,32.04219551618924,1436.4051829806833
1619,121.41912384200016,32.04219551618924,1428.0103782931837
1620,121.51912384200016,32.04219551618924,1419.6155736056842
1621,121.61912384200016,32.04219551618924,1411.2207689181832
1622,121.71912384200016,32.04219551618924,1402.8259642306841
1641,117.11912384200016,32.14219551618923,1348.0599212927284
1642,117.21912384200016,32.14219551618923,1352.3050384802282
1643,117.31912384200017,32.14219551618923,1356.5501556677284
1644,117.41912384200016,32.14219551618923,1367.2055852130998
1645,117.51912384200016,32.14219551618923,1377.0192883796376
1646,117.61912384200016,32.14219551618923,1382.396807910888
1647,117.71912384200016,32.14219551618923,1388.3428099197458
1648,117.81912384200017,32.14219551618923,1395.0941575759962
1649,117.91912384200016,32.14219551618923,1401.8455052322458
1650,118.01912384200016,32.14219551618923,1408.5968528884955
1651,118.11912384200016,32.14219551618923,1415.348200544746
1652,118.21912384200016,32.14219551618923,1413.4087004608753
1653,118.31912384200017,32.14219551618923,1410.926630148375
1654,118.41912384200016,32.14219551618923,1408.4445598358752
1655,118.51912384200016,32.14219551618923,1405.9624895233753
1656,118.61912384200016,32.14219551618923,1404.765304611557
1657,118.71912384200016,32.14219551618923,1405.024718674057
1658,118.81912384200017,32.14219551618923,1409.22465075608
1659,118.91912384200016,32.14219551618923,1415.1847288810795
1660,119.01912384200016,32.14219551618923,1421.1448070060794
1661,119.11912384200016,32.14219551618923,1427.1048851310798
1662,119.21912384200016,32.14219551618923,1432.0296730685252
1663,119.31912384200017,32.14219551618923,1433.2555324435252
1664,119.41912384200016,32.14219551618923,1435.435699170847
1665,119.51912384200016,32.14219551618923,1438.8243515145969
1666,119.61912384200016,32.14219551618923,1443.4105176003816
1667,119.71912384200016,32.14219551618923,1448.6032129128814
1668,119.81912384200017,32.14219551618923,1453.7959082253817
1669,119.91912384200016,32.14219551618923,1458.9886035378813
1670,120.01912384200016,32.14219551618923,1462.4198772132797
1671,120.11912384200016,32.14219551618923,1458.4019670570292
1672,120.21912384200016,32.14219551618923,1454.3840569007793
1673,120.31912384200017,32.14219551618923,1450.366146744529
1674,120.41912384200016,32.14219551618923,1446.3482365882794
1675,120.51912384200016,32.14219551618923,1447.6454738624614
1676,120.61912384200016,32.14219551618923,1451.0232472999617
1677,120.71912384200016,32.14219551618923,1448.3481958885873
1678,120.81912384200017,32.14219551618923,1445.2952662010869
1679,120.91912384200016,32.14219551618923,1442.2423365135871
1680,121.01912384200016,32.14219551618923,1439.1894068260872
1681,121.11912384200016,32.14219551618923,1433.9910195014086
1682,121.21912384200016,32.14219551618923,1426.360453095159
1683,121.31912384200017,32.14219551618923,1408.6493353977176
1684,121.41912384200016,32.14219551618923,1386.435448678969
1685,121.51912384200016,32.14219551618923,1376.8493626681866
1712,117.71912384200016,32.24219551618924,1365.2226672858856
1713,117.81912384200017,32.24219551618924,1370.825212263494
1714,117.91912384200016,32.24219551618924,1377.5765599197439
1715,118.01912384200016,32.24219551618924,1384.3279075759933
1716,118.11912384200016,32.24219551618924,1391.0792552322441
1717,118.21912384200016,32.24219551618924,1389.1397551483733
1718,118.31912384200017,32.24219551618924,1386.657684835873
1719,118.41912384200016,32.24219551618924,1384.1756145233733
1720,118.51912384200016,32.24219551618924,1383.6638007053054
1721,118.61912384200016,32.24219551618924,1383.9232147678056
1722,118.71912384200016,32.24219551618924,1384.1826288303055
1723,118.81912384200017,32.24219551618924,1388.3825609123282
1724,118.91912384200016,32.24219551618924,1394.342639037328
1725,119.01912384200016,32.24219551618924,1400.3027171623276
1726,119.11912384200016,32.24219551618924,1404.043950412273
1727,119.21912384200016,32.24219551618924,1405.269809787273
1728,119.31912384200017,32.24219551618924,1406.495669162273
1729,119.41912384200016,32.24219551618924,1408.675835889595
1730,119.51912384200016,32.24219551618924,1412.0644882333445
1731,119.61912384200016,32.24219551618924,1415.453140577095
1732,119.71912384200016,32.24219551618924,1419.5882959206913
1733,119.81912384200017,32.24219551618924,1424.7809912331916
1734,119.91912384200016,32.24219551618924,1429.9736865456912
1735,120.01912384200016,32.24219551618924,1433.4049602210898
1736,120.11912384200016,32.24219551618924,1429.3870500648393
1737,120.21912384200016,32.24219551618924,1425.3691399085894
1738,120.31912384200017,32.24219551618924,1421.3512297523391
1739,120.41912384200016,32.24219551618924,1424.4973879249596
1740,120.51912384200016,32.24219551618924,1427.8751613624597
1741,120.61912384200016,32.24219551618924,1431.2529347999598
1742,120.71912384200016,32.24219551618924,1428.5778833885854
1743,120.81912384200017,32.24219551618924,1425.5249537010852
1744,120.91912384200016,32.24219551618924,1422.4720240135853
1745,121.01912384200016,32.24219551618924,1416.1292275092196
1746,121.11912384200016,32.24219551618924,1408.498661102969
1747,121.21912384200016,32.24219551618924,1400.8680946967195
1748,121.31912384200017,32.24219551618924,1383.1569769992782
1749,121.41912384200016,32.24219551618924,1360.9430902805293
1779,117.91912384200016,32.34219551618924,1353.4260461921356
1780,118.01912384200016,32.34219551618924,1360.058962263493
1781,118.11912384200016,32.34219551618924,1366.8103099197438
1782,118.21912384200016,32.34219551618924,1364.8708098358727
1783,118.31912384200017,32.34219551618924,1362.3887395233726
1784,118.41912384200016,32.34219551618924,1362.562296799055
1785,118.51912384200016,32.34219551618924,1362.8217108615552
1786,118.61912384200016,32.34219551618924,1363.081124924055
1787,118.71912384200016,32.34219551618924,1363.3405389865552
1788,118.81912384200017,32.34219551618924,1367.540471068578
1789,118.91912384200016,32.34219551618924,1373.5005491935776
1790,119.01912384200016,32.34219551618924,1376.0582277560225
1791,119.11912384200016,32.34219551618924,1377.2840871310225
1792,119.21912384200016,32.34219551618924,1378.5099465060225
1793,119.31912384200017,32.34219551618924,1379.7358058810228
1794,119.41912384200016,32.34219551618924,1381.9159726083444
1797,119.71912384200016,32.34219551618924,1392.0819296395944
1798,119.81912384200017,32.34219551618924,1395.7660742410037
1799,119.91912384200016,32.34219551618924,1400.9587695535035
1800,120.01912384200016,32.34219551618924,1404.390043228902
1801,120.11912384200016,32.34219551618924,1400.3721330726514
1802,120.21912384200016,32.34219551618924,1397.9715285499594
1803,120.31912384200017,32.34219551618924,1401.34930198746
1804,120.41912384200016,32.34219551618924,1404.7270754249596
1805,120.51912384200016,32.34219551618924,1408.1048488624592
1806,120.61912384200016,32.34219551618924,1411.4826222999595
1807,120.71912384200016,32.34219551618924,1408.8075708885854
1808,120.81912384200017,32.34219551618924,1405.754641201085
1809,120.91912384200016,32.34219551618924,1398.2674355170316
1810,121.01912384200016,32.34219551618924,1390.6368691107818
1811,121.11912384200016,32.34219551618924,1383.0063027045312
1812,121.21912384200016,32.34219551618924,1375.3757362982817
1845,118.01912384200016,32.44219551618923,1336.2519055671382
1846,118.11912384200016,32.44219551618923,1342.541364607247
1847,118.21912384200016,32.44219551618923,1341.2013788303077
1848,118.31912384200017,32.44219551618923,1341.4607928928078
1849,118.41912384200016,32.44219551618923,1341.7202069553077
1850,118.51912384200016,32.44219551618923,1341.9796210178079
1851,118.61912384200016,32.44219551618923,1342.239035080308
1852,118.71912384200016,32.44219551618923,1342.4984491428077
1853,118.81912384200017,32.44219551618923,1346.6983812248307
1854,118.91912384200016,32.44219551618923,1348.072505099776
1855,119.01912384200016,32.44219551618923,1349.298364474776
1856,119.11912384200016,32.44219551618923,1350.524223849776
1857,119.21912384200016,32.44219551618923,1351.750083224776
1858,119.31912384200017,32.44219551618923,1352.9759425997759
1862,119.71912384200016,32.44219551618923,1365.3220663583477
1863,119.81912384200017,32.44219551618923,1368.710718702098
1864,119.91912384200016,32.44219551618923,1372.0993710458479
1865,120.01912384200016,32.44219551618923,1375.375126236718
1866,120.11912384200016,32.44219551618923,1374.8234426124623
1867,120.21912384200016,32.44219551618923,1378.201216049962
1868,120.31912384200017,32.44219551618923,1381.5789894874622
1869,120.41912384200016,32.44219551618923,1384.956762924962
1870,120.51912384200016,32.44219551618923,1388.334536362462
1911,118.11912384200016,32.54219551618924,1317.7832711997482
1912,118.21912384200016,32.54219551618924,1319.6884256063618
1913,118.31912384200017,32.54219551618924,1319.947839668862
1914,118.41912384200016,32.54219551618924,1320.207253731362
1915,118.51912384200016,32.54219551618924,1320.466667793862
1916,118.61912384200016,32.54219551618924,1320.7260818563618
1917,118.71912384200016,32.54219551618924,1320.9854959188617
1918,118.81912384200017,32.54219551618924,1323.4209596388919
1919,118.91912384200016,32.54219551618924,1324.6468190138917
1920,119.01912384200016,32.54219551618924,1325.872678388892
1931,120.11912384200016,32.54219551618924,1357.0281398714371
1932,120.21912384200016,32.54219551618924,1360.405913308937
1933,120.31912384200017,32.54219551618924,1363.7836867464373
1935,120.51912384200016,32.54219551618924,1370.5392336214368
1977,118.21912384200016,32.64219551618923,1295.124102744821
1978,118.31912384200017,32.64219551618923,1297.5158572469882
1979,118.41912384200016,32.64219551618923,1297.775271309488
1980,118.51912384200016,32.64219551618923,1298.034685371988
1981,118.61912384200016,32.64219551618923,1298.294099434488
1982,118.71912384200016,32.64219551618923,1298.5535134969882
2043,118.31912384200017,32.74219551618924,1272.3140295026315
2044,118.41912384200016,32.74219551618924,1275.1234630963813
2045,118.51912384200016,32.74219551618924,1275.6027029501113
