grid_id,lon_center,lat_center,elevation
8,116.31912384200017,29.64219551618924,26.314058
9,116.41912384200016,29.64219551618924,69.1395
10,116.51912384200016,29.64219551618924,319.48383
67,115.71912384200016,29.74219551618924,37.534935
68,115.81912384200017,29.74219551618924,14.386546
69,115.91912384200016,29.74219551618924,16.662016
70,116.01912384200016,29.74219551618924,23.032518
71,116.11912384200016,29.74219551618924,26.819002
72,116.21912384200016,29.74219551618924,94.844826
73,116.31912384200017,29.74219551618924,28.029636
74,116.41912384200016,29.74219551618924,35.512863
75,116.51912384200016,29.74219551618924,269.9327
76,116.61912384200016,29.74219551618924,275.4602
77,116.71912384200016,29.74219551618924,209.68988
130,115.51912384200016,29.84219551618924,13.5
131,115.61912384200016,29.84219551618924,13.5
132,115.71912384200016,29.84219551618924,17.642326
133,115.81912384200017,29.84219551618924,19.341227
134,115.91912384200016,29.84219551618924,15.885947
135,116.01912384200016,29.84219551618924,12.5
136,116.11912384200016,29.84219551618924,13.617511
137,116.21912384200016,29.84219551618924,14.6669235
138,116.31912384200017,29.84219551618924,14.550069
139,116.41912384200016,29.84219551618924,26.538685
140,116.51912384200016,29.84219551618924,22.226442
141,116.61912384200016,29.84219551618924,67.0
142,116.71912384200016,29.84219551618924,129.8106
143,116.81912384200017,29.84219551618924,167.02158
144,116.91912384200016,29.84219551618924,109.41728
145,117.01912384200016,29.84219551618924,246.23837
146,117.11912384200016,29.84219551618924,290.73038
195,115.51912384200016,29.94219551618924,19.533373
196,115.61912384200016,29.94219551618924,39.637707
197,115.71912384200016,29.94219551618924,12.786771
198,115.81912384200017,29.94219551618924,12.414077
199,115.91912384200016,29.94219551618924,12.0
200,116.01912384200016,29.94219551618924,10.912287
201,116.11912384200016,29.94219551618924,10.0
202,116.21912384200016,29.94219551618924,10.0
203,116.31912384200017,29.94219551618924,11.752935
204,116.41912384200016,29.94219551618924,12.2022705
205,116.51912384200016,29.94219551618924,12.633276
206,116.61912384200016,29.94219551618924,33.300106
207,116.71912384200016,29.94219551618924,131.2914
208,116.81912384200017,29.94219551618924,559.45386
209,116.91912384200016,29.94219551618924,242.4096
210,117.01912384200016,29.94219551618924,133.68933
211,117.11912384200016,29.94219551618924,191.85968
212,117.21912384200016,29.94219551618924,500.1808
218,117.81912384200017,29.94219551618924,331.2233
219,117.91912384200016,29.94219551618924,216.99324
260,115.51912384200016,30.042195516189235,65.725815
261,115.61912384200016,30.042195516189235,100.321846
262,115.71912384200016,30.042195516189235,56.330063
263,115.81912384200017,30.042195516189235,20.293972
264,115.91912384200016,30.042195516189235,15.66227
265,116.01912384200016,30.042195516189235,26.207714
266,116.11912384200016,30.042195516189235,20.795156
267,116.21912384200016,30.042195516189235,21.712036
268,116.31912384200017,30.042195516189235,9.0
269,116.41912384200016,30.042195516189235,10.0
270,116.51912384200016,30.042195516189235,11.415652
271,116.61912384200016,30.042195516189235,13.972285
272,116.71912384200016,30.042195516189235,6.5
273,116.81912384200017,30.042195516189235,28.381672
274,116.91912384200016,30.042195516189235,153.5591
275,117.01912384200016,30.042195516189235,31.058384
276,117.11912384200016,30.042195516189235,245.88382
277,117.21912384200016,30.042195516189235,223.98993
278,117.31912384200017,30.042195516189235,164.80316
279,117.41912384200016,30.042195516189235,613.13074
280,117.51912384200016,30.042195516189235,1016.3514
281,117.61912384200016,30.042195516189235,134.69685
282,117.71912384200016,30.042195516189235,699.34033
283,117.81912384200017,30.042195516189235,925.40265
284,117.91912384200016,30.042195516189235,937.9235
285,118.01912384200016,30.042195516189235,855.1698
286,118.11912384200016,30.042195516189235,427.56372
287,118.21912384200016,30.042195516189235,546.94763
288,118.31912384200017,30.042195516189235,387.64618
326,115.61912384200016,30.14219551618924,67.54456
327,115.71912384200016,30.14219551618924,348.0145
328,115.81912384200017,30.14219551618924,52.5
329,115.91912384200016,30.14219551618924,43.946087
330,116.01912384200016,30.14219551618924,48.242
331,116.11912384200016,30.14219551618924,20.334805
332,116.21912384200016,30.14219551618924,33.78406
333,116.31912384200017,30.14219551618924,23.112589
334,116.41912384200016,30.14219551618924,9.0
335,116.51912384200016,30.14219551618924,10.357821
336,116.61912384200016,30.14219551618924,10.4982605
337,116.71912384200016,30.14219551618924,13.877105
338,116.81912384200017,30.14219551618924,14.84879
339,116.91912384200016,30.14219551618924,22.191483
340,117.01912384200016,30.14219551618924,15.532761
341,117.11912384200016,30.14219551618924,252.72873
342,117.21912384200016,30.14219551618924,157.43321
343,117.31912384200017,30.14219551618924,658.5309
344,117.41912384200016,30.14219551618924,171.30016
345,117.51912384200016,30.14219551618924,284.2419
346,117.61912384200016,30.14219551618924,92.480515
347,117.71912384200016,30.14219551618924,296.17023
348,117.81912384200017,30.14219551618924,192.62102
349,117.91912384200016,30.14219551618924,369.27795
350,118.01912384200016,30.14219551618924,291.59113
351,118.11912384200016,30.14219551618924,620.09265
352,118.21912384200016,30.14219551618924,1112.6532
353,118.31912384200017,30.14219551618924,413.19254
354,118.41912384200016,30.14219551618924,862.73865
355,118.51912384200016,30.14219551618924,401.01193
356,118.61912384200016,30.14219551618924,244.35143
357,118.71912384200016,30.14219551618924,296.01288
358,118.81912384200017,30.14219551618924,880.16235
365,119.51912384200016,30.14219551618924,139.97334
366,119.61912384200016,30.14219551618924,493.69095
367,119.71912384200016,30.14219551618924,314.288
368,119.81912384200017,30.14219551618924,250.95052
369,119.91912384200016,30.14219551618924,153.26602
393,115.81912384200017,30.24219551618924,729.5743
394,115.91912384200016,30.24219551618924,568.6821
395,116.01912384200016,30.24219551618924,93.972206
396,116.11912384200016,30.24219551618924,45.96278
397,116.21912384200016,30.24219551618924,80.68086
398,116.31912384200017,30.24219551618924,13.60099
399,116.41912384200016,30.24219551618924,22.533636
400,116.51912384200016,30.24219551618924,36.981705
401,116.61912384200016,30.24219551618924,11.755999
402,116.71912384200016,30.24219551618924,10.499752
403,116.81912384200017,30.24219551618924,10.0
404,116.91912384200016,30.24219551618924,14.301782
405,117.01912384200016,30.24219551618924,15.204954
406,117.11912384200016,30.24219551618924,38.046772
407,117.21912384200016,30.24219551618924,91.94674
408,117.31912384200017,30.24219551618924,207.53395
409,117.41912384200016,30.24219551618924,227.87715
410,117.51912384200016,30.24219551618924,347.96927
411,117.61912384200016,30.24219551618924,326.38663
412,117.71912384200016,30.24219551618924,893.34985
413,117.81912384200017,30.24219551618924,383.40707
414,117.91912384200016,30.24219551618924,566.72076
415,118.01912384200016,30.24219551618924,235.7648
416,118.11912384200016,30.24219551618924,193.48152
417,118.21912384200016,30.24219551618924,510.10547
418,118.31912384200017,30.24219551618924,241.65656
419,118.41912384200016,30.24219551618924,688.5877
420,118.51912384200016,30.24219551618924,240.60727
421,118.61912384200016,30.24219551618924,426.27005
422,118.71912384200016,30.24219551618924,244.48033
423,118.81912384200017,30.24219551618924,354.14307
424,118.91912384200016,30.24219551618924,536.235
429,119.41912384200016,30.24219551618924,136.20123
430,119.51912384200016,30.24219551618924,171.07967
431,119.61912384200016,30.24219551618924,98.56604
432,119.71912384200016,30.24219551618924,41.39516
433,119.81912384200017,30.24219551618924,31.409601
434,119.91912384200016,30.24219551618924,13.83829
435,120.01912384200016,30.24219551618924,10.863783
436,120.11912384200016,30.24219551618924,11.752925
437,120.21912384200016,30.24219551618924,1.5
459,115.91912384200016,30.34219551618924,599.80225
460,116.01912384200016,30.34219551618924,120.719154
461,116.11912384200016,30.34219551618924,263.7455
462,116.21912384200016,30.34219551618924,79.36899
463,116.31912384200017,30.34219551618924,68.157646
464,116.41912384200016,30.34219551618924,150.82004
465,116.51912384200016,30.34219551618924,41.98818
466,116.61912384200016,30.34219551618924,24.23525
467,116.71912384200016,30.34219551618924,11.71826
468,116.81912384200017,30.34219551618924,10.827708
469,116.91912384200016,30.34219551618924,14.124218
470,117.01912384200016,30.34219551618924,10.126702
471,117.11912384200016,30.34219551618924,49.868713
472,117.21912384200016,30.34219551618924,39.32581
473,117.31912384200017,30.34219551618924,90.79277
474,117.41912384200016,30.34219551618924,43.87941
475,117.51912384200016,30.34219551618924,321.9852
476,117.61912384200016,30.34219551618924,110.77046
477,117.71912384200016,30.34219551618924,202.25871
478,117.81912384200017,30.34219551618924,564.5644
479,117.91912384200016,30.34219551618924,189.33197
480,118.01912384200016,30.34219551618924,118.60179
481,118.11912384200016,30.34219551618924,359.88666
482,118.21912384200016,30.34219551618924,290.74237
483,118.31912384200017,30.34219551618924,245.9997
484,118.41912384200016,30.34219551618924,359.46155
485,118.51912384200016,30.34219551618924,222.1581
486,118.61912384200016,30.34219551618924,253.39862
487,118.71912384200016,30.34219551618924,339.759
488,118.81912384200017,30.34219551618924,505.47116
489,118.91912384200016,30.34219551618924,707.04193
490,119.01912384200016,30.34219551618924,386.33963
491,119.11912384200016,30.34219551618924,329.1711
492,119.21912384200016,30.34219551618924,711.0057
493,119.31912384200017,30.34219551618924,653.0823
494,119.41912384200016,30.34219551618924,1009.8787
495,119.51912384200016,30.34219551618924,552.9974
496,119.61912384200016,30.34219551618924,635.158
497,119.71912384200016,30.34219551618924,235.65266
498,119.81912384200017,30.34219551618924,49.098583
499,119.91912384200016,30.34219551618924,3.5341334
500,120.01912384200016,30.34219551618924,5.5553446
501,120.11912384200016,30.34219551618924,4.3513093
502,120.21912384200016,30.34219551618924,7.622648
503,120.31912384200017,30.34219551618924,5.444544
504,120.41912384200016,30.34219551618924,1.5
507,120.71912384200016,30.34219551618924,1.0
508,120.81912384200017,30.34219551618924,4.352358
509,120.91912384200016,30.34219551618924,0.0
524,115.91912384200016,30.44219551618924,580.8575
525,116.01912384200016,30.44219551618924,520.5786
526,116.11912384200016,30.44219551618924,135.53296
527,116.21912384200016,30.44219551618924,205.69566
528,116.31912384200017,30.44219551618924,51.628643
529,116.41912384200016,30.44219551618924,27.040829
530,116.51912384200016,30.44219551618924,42.679848
531,116.61912384200016,30.44219551618924,25.76274
532,116.71912384200016,30.44219551618924,12.492811
533,116.81912384200017,30.44219551618924,9.6374655
534,116.91912384200016,30.44219551618924,12.456278
535,117.01912384200016,30.44219551618924,12.098901
536,117.11912384200016,30.44219551618924,11.130874
537,117.21912384200016,30.44219551618924,30.249043
538,117.31912384200017,30.44219551618924,125.22849
539,117.41912384200016,30.44219551618924,18.33163
540,117.51912384200016,30.44219551618924,420.6408
541,117.61912384200016,30.44219551618924,181.31026
542,117.71912384200016,30.44219551618924,173.92853
543,117.81912384200017,30.44219551618924,645.5792
544,117.91912384200016,30.44219551618924,294.62814
545,118.01912384200016,30.44219551618924,160.26581
546,118.11912384200016,30.44219551618924,112.5
547,118.21912384200016,30.44219551618924,331.16406
548,118.31912384200017,30.44219551618924,477.2002
549,118.41912384200016,30.44219551618924,162.5791
550,118.51912384200016,30.44219551618924,422.073
551,118.61912384200016,30.44219551618924,283.46893
552,118.71912384200016,30.44219551618924,244.48152
553,118.81912384200017,30.44219551618924,303.70636
554,118.91912384200016,30.44219551618924,186.79077
555,119.01912384200016,30.44219551618924,333.51163
556,119.11912384200016,30.44219551618924,154.96458
557,119.21912384200016,30.44219551618924,293.52463
558,119.31912384200017,30.44219551618924,406.288
559,119.41912384200016,30.44219551618924,922.74976
560,119.51912384200016,30.44219551618924,605.0433
561,119.61912384200016,30.44219551618924,838.3608
562,119.71912384200016,30.44219551618924,244.16212
563,119.81912384200017,30.44219551618924,27.303902
564,119.91912384200016,30.44219551618924,121.455475
565,120.01912384200016,30.44219551618924,134.33047
566,120.11912384200016,30.44219551618924,2.2469149
567,120.21912384200016,30.44219551618924,6.84784
568,120.31912384200017,30.44219551618924,5.114913
569,120.41912384200016,30.44219551618924,4.431582
570,120.51912384200016,30.44219551618924,5.1854515
571,120.61912384200016,30.44219551618924,4.0138245
572,120.71912384200016,30.44219551618924,2.5977595
573,120.81912384200017,30.44219551618924,2.8340795
574,120.91912384200016,30.44219551618924,3.0215116
589,115.91912384200016,30.542195516189235,103.32055
590,116.01912384200016,30.542195516189235,146.42503
591,116.11912384200016,30.542195516189235,143.08675
592,116.21912384200016,30.542195516189235,103.21108
593,116.31912384200017,30.542195516189235,603.36896
594,116.41912384200016,30.542195516189235,37.427853
595,116.51912384200016,30.542195516189235,33.272163
596,116.61912384200016,30.542195516189235,20.951897
597,116.71912384200016,30.542195516189235,50.034546
598,116.81912384200017,30.542195516189235,42.75423
599,116.91912384200016,30.542195516189235,38.111084
600,117.01912384200016,30.542195516189235,41.889446
601,117.11912384200016,30.542195516189235,11.481096
602,117.21912384200016,30.542195516189235,14.979153
603,117.31912384200017,30.542195516189235,12.428707
604,117.41912384200016,30.542195516189235,25.448114
605,117.51912384200016,30.542195516189235,29.093643
606,117.61912384200016,30.542195516189235,415.76614
607,117.71912384200016,30.542195516189235,68.85349
608,117.81912384200017,30.542195516189235,341.67816
609,117.91912384200016,30.542195516189235,193.0413
610,118.01912384200016,30.542195516189235,274.134
611,118.11912384200016,30.542195516189235,124.42952
612,118.21912384200016,30.542195516189235,162.76476
613,118.31912384200017,30.542195516189235,155.1118
614,118.41912384200016,30.542195516189235,526.471
615,118.51912384200016,30.542195516189235,241.9951
616,118.61912384200016,30.542195516189235,603.2051
617,118.71912384200016,30.542195516189235,370.71826
618,118.81912384200017,30.542195516189235,247.11214
619,118.91912384200016,30.542195516189235,116.36019
620,119.01912384200016,30.542195516189235,111.5647
621,119.11912384200016,30.542195516189235,95.88375
622,119.21912384200016,30.542195516189235,588.65826
623,119.31912384200017,30.542195516189235,379.77972
624,119.41912384200016,30.542195516189235,136.53235
625,119.51912384200016,30.542195516189235,94.552284
626,119.61912384200016,30.542195516189235,204.81976
627,119.71912384200016,30.542195516189235,344.99576
628,119.81912384200017,30.542195516189235,103.69077
629,119.91912384200016,30.542195516189235,13.237936
630,120.01912384200016,30.542195516189235,2.8232832
631,120.11912384200016,30.542195516189235,2.050856
632,120.21912384200016,30.542195516189235,6.576812
633,120.31912384200017,30.542195516189235,1.6265486
634,120.41912384200016,30.542195516189235,3.0617623
635,120.51912384200016,30.542195516189235,7.2401834
636,120.61912384200016,30.542195516189235,4.0543523
637,120.71912384200016,30.542195516189235,5.4871473
638,120.81912384200017,30.542195516189235,2.539035
639,120.91912384200016,30.542195516189235,3.476422
640,121.01912384200016,30.542195516189235,0.0
653,115.81912384200017,30.64219551618924,434.25516
654,115.91912384200016,30.64219551618924,253.64696
655,116.01912384200016,30.64219551618924,530.17346
656,116.11912384200016,30.64219551618924,637.8872
657,116.21912384200016,30.64219551618924,425.8736
658,116.31912384200017,30.64219551618924,436.63785
659,116.41912384200016,30.64219551618924,256.3249
660,116.51912384200016,30.64219551618924,30.661692
661,116.61912384200016,30.64219551618924,28.998537
662,116.71912384200016,30.64219551618924,39.280315
663,116.81912384200017,30.64219551618924,102.02146
664,116.91912384200016,30.64219551618924,84.07792
665,117.01912384200016,30.64219551618924,355.45032
666,117.11912384200016,30.64219551618924,13.3524065
667,117.21912384200016,30.64219551618924,6.0
668,117.31912384200017,30.64219551618924,11.26189
669,117.41912384200016,30.64219551618924,7.890561
670,117.51912384200016,30.64219551618924,10.5
671,117.61912384200016,30.64219551618924,29.865583
672,117.71912384200016,30.64219551618924,65.99241
673,117.81912384200017,30.64219551618924,101.83791
674,117.91912384200016,30.64219551618924,221.41417
675,118.01912384200016,30.64219551618924,47.76356
676,118.11912384200016,30.64219551618924,435.4286
677,118.21912384200016,30.64219551618924,86.30185
678,118.31912384200017,30.64219551618924,39.15274
679,118.41912384200016,30.64219551618924,172.45123
680,118.51912384200016,30.64219551618924,105.01342
681,118.61912384200016,30.64219551618924,250.02924
682,118.71912384200016,30.64219551618924,284.84457
683,118.81912384200017,30.64219551618924,742.01514
684,118.91912384200016,30.64219551618924,120.79023
685,119.01912384200016,30.64219551618924,81.26584
686,119.11912384200016,30.64219551618924,140.24588
687,119.21912384200016,30.64219551618924,343.82904
688,119.31912384200017,30.64219551618924,805.2472
689,119.41912384200016,30.64219551618924,302.7797
690,119.51912384200016,30.64219551618924,48.608353
691,119.61912384200016,30.64219551618924,12.0
692,119.71912384200016,30.64219551618924,72.527306
693,119.81912384200017,30.64219551618924,643.06757
694,119.91912384200016,30.64219551618924,47.884697
695,120.01912384200016,30.64219551618924,69.426025
696,120.11912384200016,30.64219551618924,2.5
697,120.21912384200016,30.64219551618924,2.9671443
698,120.31912384200017,30.64219551618924,7.0567183
699,120.41912384200016,30.64219551618924,2.7128468
700,120.51912384200016,30.64219551618924,4.8207755
701,120.61912384200016,30.64219551618924,3.1082044
702,120.71912384200016,30.64219551618924,2.9414096
703,120.81912384200017,30.64219551618924,2.6291974
704,120.91912384200016,30.64219551618924,2.9729338
705,121.01912384200016,30.64219551618924,3.973631
706,121.11912384200016,30.64219551618924,2.0417283
707,121.21912384200016,30.64219551618924,0.0
718,115.81912384200017,30.74219551618924,367.37833
719,115.91912384200016,30.74219551618924,189.44
720,116.01912384200016,30.74219551618924,275.02005
721,116.11912384200016,30.74219551618924,790.3091
722,116.21912384200016,30.74219551618924,439.88562
723,116.31912384200017,30.74219551618924,550.1503
724,116.41912384200016,30.74219551618924,729.25446
725,116.51912384200016,30.74219551618924,521.77997
726,116.61912384200016,30.74219551618924,61.294987
727,116.71912384200016,30.74219551618924,45.0
728,116.81912384200017,30.74219551618924,29.980934
729,116.91912384200016,30.74219551618924,10.5
730,117.01912384200016,30.74219551618924,48.257282
731,117.11912384200016,30.74219551618924,7.0
732,117.21912384200016,30.74219551618924,10.5
733,117.31912384200017,30.74219551618924,32.807648
734,117.41912384200016,30.74219551618924,24.584682
735,117.51912384200016,30.74219551618924,6.0
736,117.61912384200016,30.74219551618924,9.0
737,117.71912384200016,30.74219551618924,22.708738
738,117.81912384200017,30.74219551618924,8.0
739,117.91912384200016,30.74219551618924,11.5
740,118.01912384200016,30.74219551618924,46.569122
741,118.11912384200016,30.74219551618924,65.601074
742,118.21912384200016,30.74219551618924,81.32359
743,118.31912384200017,30.74219551618924,67.959816
744,118.41912384200016,30.74219551618924,120.54338
745,118.51912384200016,30.74219551618924,65.20659
746,118.61912384200016,30.74219551618924,150.31784
747,118.71912384200016,30.74219551618924,114.25229
748,118.81912384200017,30.74219551618924,137.92496
749,118.91912384200016,30.74219551618924,33.656162
750,119.01912384200016,30.74219551618924,230.83252
751,119.11912384200016,30.74219551618924,136.9995
752,119.21912384200016,30.74219551618924,196.16644
753,119.31912384200017,30.74219551618924,267.49066
754,119.41912384200016,30.74219551618924,153.52812
755,119.51912384200016,30.74219551618924,122.5
756,119.61912384200016,30.74219551618924,106.22184
757,119.71912384200016,30.74219551618924,13.855571
758,119.81912384200017,30.74219551618924,42.824177
759,119.91912384200016,30.74219551618924,225.18544
760,120.01912384200016,30.74219551618924,85.813194
761,120.11912384200016,30.74219551618924,0.5
762,120.21912384200016,30.74219551618924,2.783317
763,120.31912384200017,30.74219551618924,5.0671263
764,120.41912384200016,30.74219551618924,2.568913
765,120.51912384200016,30.74219551618924,2.4455066
766,120.61912384200016,30.74219551618924,2.445089
767,120.71912384200016,30.74219551618924,8.173613
768,120.81912384200017,30.74219551618924,3.4291382
769,120.91912384200016,30.74219551618924,2.387496
770,121.01912384200016,30.74219551618924,3.5978346
771,121.11912384200016,30.74219551618924,1.1470593
772,121.21912384200016,30.74219551618924,3.1614895
773,121.31912384200017,30.74219551618924,2.7691805
774,121.41912384200016,30.74219551618924,0.0
783,115.81912384200017,30.84219551618924,347.65857
784,115.91912384200016,30.84219551618924,374.1749
785,116.01912384200016,30.84219551618924,379.3784
786,116.11912384200016,30.84219551618924,647.4939
787,116.21912384200016,30.84219551618924,517.6298
788,116.31912384200017,30.84219551618924,546.8445
789,116.41912384200016,30.84219551618924,555.5367
790,116.51912384200016,30.84219551618924,502.15878
791,116.61912384200016,30.84219551618924,278.3382
792,116.71912384200016,30.84219551618924,36.117596
793,116.81912384200017,30.84219551618924,30.053072
794,116.91912384200016,30.84219551618924,14.072784
795,117.01912384200016,30.84219551618924,9.5
796,117.11912384200016,30.84219551618924,6.5
797,117.21912384200016,30.84219551618924,141.5971
798,117.31912384200017,30.84219551618924,37.073654
799,117.41912384200016,30.84219551618924,7.729644
800,117.51912384200016,30.84219551618924,9.128359
801,117.61912384200016,30.84219551618924,6.9440045
802,117.71912384200016,30.84219551618924,6.0
803,117.81912384200017,30.84219551618924,96.74406
804,117.91912384200016,30.84219551618924,75.09242
805,118.01912384200016,30.84219551618924,340.84143
806,118.11912384200016,30.84219551618924,70.26462
807,118.21912384200016,30.84219551618924,77.58449
808,118.31912384200017,30.84219551618924,23.318134
809,118.41912384200016,30.84219551618924,26.16454
810,118.51912384200016,30.84219551618924,20.611292
811,118.61912384200016,30.84219551618924,36.514996
812,118.71912384200016,30.84219551618924,98.47669
813,118.81912384200017,30.84219551618924,55.81911
814,118.91912384200016,30.84219551618924,26.768538
815,119.01912384200016,30.84219551618924,282.4347
816,119.11912384200016,30.84219551618924,98.246414
817,119.21912384200016,30.84219551618924,175.79965
818,119.31912384200017,30.84219551618924,95.58605
819,119.41912384200016,30.84219551618924,62.20304
820,119.51912384200016,30.84219551618924,65.80758
821,119.61912384200016,30.84219551618924,20.839848
822,119.71912384200016,30.84219551618924,12.094772
823,119.81912384200017,30.84219551618924,3.3454764
824,119.91912384200016,30.84219551618924,2.390486
825,120.01912384200016,30.84219551618924,51.345646
826,120.11912384200016,30.84219551618924,5.731027
827,120.21912384200016,30.84219551618924,2.1074169
828,120.31912384200017,30.84219551618924,2.2904272
829,120.41912384200016,30.84219551618924,1.8806443
830,120.51912384200016,30.84219551618924,0.5
831,120.61912384200016,30.84219551618924,1.3995755
832,120.71912384200016,30.84219551618924,7.2952394
833,120.81912384200017,30.84219551618924,2.9849908
834,120.91912384200016,30.84219551618924,10.646544
835,121.01912384200016,30.84219551618924,2.5868979
836,121.11912384200016,30.84219551618924,3.7297344
837,121.21912384200016,30.84219551618924,1.7632537
838,121.31912384200017,30.84219551618924,2.7071307
839,121.41912384200016,30.84219551618924,4.5371656
840,121.51912384200016,30.84219551618924,5.5004926
841,121.61912384200016,30.84219551618924,1.4839647
842,121.71912384200016,30.84219551618924,0.0
843,121.81912384200017,30.84219551618924,0.0
844,121.91912384200016,30.84219551618924,0.0
848,115.81912384200017,30.94219551618924,214.16058
849,115.91912384200016,30.94219551618924,691.99567
850,116.01912384200016,30.94219551618924,797.393
851,116.11912384200016,30.94219551618924,639.44965
852,116.21912384200016,30.94219551618924,568.2119
853,116.31912384200017,30.94219551618924,569.1548
854,116.41912384200016,30.94219551618924,777.05176
855,116.51912384200016,30.94219551618924,742.8839
856,116.61912384200016,30.94219551618924,170.71346
857,116.71912384200016,30.94219551618924,268.14557
858,116.81912384200017,30.94219551618924,67.42135
859,116.91912384200016,30.94219551618924,35.036465
860,117.01912384200016,30.94219551618924,14.962603
861,117.11912384200016,30.94219551618924,19.136606
862,117.21912384200016,30.94219551618924,26.325832
863,117.31912384200017,30.94219551618924,14.602931
864,117.41912384200016,30.94219551618924,271.69254
865,117.51912384200016,30.94219551618924,350.14627
866,117.61912384200016,30.94219551618924,8.435364
867,117.71912384200016,30.94219551618924,8.793806
868,117.81912384200017,30.94219551618924,33.717335
869,117.91912384200016,30.94219551618924,17.396534
870,118.01912384200016,30.94219551618924,214.91475
871,118.11912384200016,30.94219551618924,93.0951
872,118.21912384200016,30.94219551618924,112.433945
873,118.31912384200017,30.94219551618924,10.3055725
874,118.41912384200016,30.94219551618924,10.814637
875,118.51912384200016,30.94219551618924,19.12068
876,118.61912384200016,30.94219551618924,80.75273
877,118.71912384200016,30.94219551618924,39.716255
878,118.81912384200017,30.94219551618924,11.533806
879,118.91912384200016,30.94219551618924,26.5
880,119.01912384200016,30.94219551618924,22.278238
881,119.11912384200016,30.94219551618924,90.6984
882,119.21912384200016,30.94219551618924,26.124418
883,119.31912384200017,30.94219551618924,49.0586
884,119.41912384200016,30.94219551618924,35.775703
885,119.51912384200016,30.94219551618924,47.13199
886,119.61912384200016,30.94219551618924,22.790262
887,119.71912384200016,30.94219551618924,15.414113
888,119.81912384200017,30.94219551618924,4.4267178
889,119.91912384200016,30.94219551618924,2.8928607
890,120.01912384200016,30.94219551618924,267.40753
891,120.11912384200016,30.94219551618924,3.430374
892,120.21912384200016,30.94219551618924,0.5
893,120.31912384200017,30.94219551618924,0.5
894,120.41912384200016,30.94219551618924,5.0830536
895,120.51912384200016,30.94219551618924,3.6860237
896,120.61912384200016,30.94219551618924,3.7554107
897,120.71912384200016,30.94219551618924,1.0
898,120.81912384200017,30.94219551618924,1.3255054
899,120.91912384200016,30.94219551618924,1.7382275
900,121.01912384200016,30.94219551618924,2.0670898
901,121.11912384200016,30.94219551618924,1.8578328
902,121.21912384200016,30.94219551618924,1.3082254
903,121.31912384200017,30.94219551618924,4.156001
904,121.41912384200016,30.94219551618924,2.8653708
905,121.51912384200016,30.94219551618924,2.5422456
906,121.61912384200016,30.94219551618924,2.2204003
907,121.71912384200016,30.94219551618924,4.8589163
908,121.81912384200017,30.94219551618924,2.7792974
909,121.91912384200016,30.94219551618924,1.5250487
916,116.11912384200016,31.042195516189235,757.5165
918,116.31912384200017,31.042195516189235,696.9392
919,116.41912384200016,31.042195516189235,913.98193
920,116.51912384200016,31.042195516189235,921.65875
921,116.61912384200016,31.042195516189235,385.06732
922,116.71912384200016,31.042195516189235,503.70837
923,116.81912384200017,31.042195516189235,373.1175
924,116.91912384200016,31.042195516189235,96.56098
925,117.01912384200016,31.042195516189235,39.866657
926,117.11912384200016,31.042195516189235,68.38896
927,117.21912384200016,31.042195516189235,33.269024
928,117.31912384200017,31.042195516189235,38.6674
929,117.41912384200016,31.042195516189235,84.245895
930,117.51912384200016,31.042195516189235,103.7233
931,117.61912384200016,31.042195516189235,14.228013
932,117.71912384200016,31.042195516189235,9.918733
933,117.81912384200017,31.042195516189235,11.125791
934,117.91912384200016,31.042195516189235,6.3870196
935,118.01912384200016,31.042195516189235,6.765536
936,118.11912384200016,31.042195516189235,24.082813
937,118.21912384200016,31.042195516189235,69.64843
938,118.31912384200017,31.042195516189235,9.888329
939,118.41912384200016,31.042195516189235,10.881131
940,118.51912384200016,31.042195516189235,8.2928
941,118.61912384200016,31.042195516189235,28.218142
942,118.71912384200016,31.042195516189235,13.727724
943,118.81912384200017,31.042195516189235,6.2940516
944,118.91912384200016,31.042195516189235,33.325436
945,119.01912384200016,31.042195516189235,20.54499
946,119.11912384200016,31.042195516189235,15.5
947,119.21912384200016,31.042195516189235,34.953224
948,119.31912384200017,31.042195516189235,18.434237
949,119.41912384200016,31.042195516189235,53.352726
950,119.51912384200016,31.042195516189235,60.039593
951,119.61912384200016,31.042195516189235,229.48189
952,119.71912384200016,31.042195516189235,137.02435
953,119.81912384200017,31.042195516189235,9.736469
954,119.91912384200016,31.042195516189235,3.4395254
955,120.01912384200016,31.042195516189235,0.5
956,120.11912384200016,31.042195516189235,0.5
957,120.21912384200016,31.042195516189235,0.5
958,120.31912384200017,31.042195516189235,0.5
959,120.41912384200016,31.042195516189235,0.5
960,120.51912384200016,31.042195516189235,2.3460107
961,120.61912384200016,31.042195516189235,1.0
962,120.71912384200016,31.042195516189235,2.8674638
963,120.81912384200017,31.042195516189235,1.7889031
964,120.91912384200016,31.042195516189235,2.5
965,121.01912384200016,31.042195516189235,2.8077848
966,121.11912384200016,31.042195516189235,3.4693134
967,121.21912384200016,31.042195516189235,1.911254
968,121.31912384200017,31.042195516189235,5.198821
969,121.41912384200016,31.042195516189235,3.712002
970,121.51912384200016,31.042195516189235,4.3134127
971,121.61912384200016,31.042195516189235,1.9604901
972,121.71912384200016,31.042195516189235,5.8210955
973,121.81912384200017,31.042195516189235,0.0
974,121.91912384200016,31.042195516189235,0.0
984,116.41912384200016,31.14219551618924,459.81232
985,116.51912384200016,31.14219551618924,419.46347
986,116.61912384200016,31.14219551618924,480.65796
987,116.71912384200016,31.14219551618924,505.22928
988,116.81912384200017,31.14219551618924,640.9691
989,116.91912384200016,31.14219551618924,282.22964
990,117.01912384200016,31.14219551618924,46.239826
991,117.11912384200016,31.14219551618924,24.901825
992,117.21912384200016,31.14219551618924,27.937805
993,117.31912384200017,31.14219551618924,21.425062
994,117.41912384200016,31.14219551618924,10.436885
995,117.51912384200016,31.14219551618924,7.832327
996,117.61912384200016,31.14219551618924,53.115185
997,117.71912384200016,31.14219551618924,8.740838
998,117.81912384200017,31.14219551618924,6.0
999,117.91912384200016,31.14219551618924,10.976276
1000,118.01912384200016,31.14219551618924,12.193134
1001,118.11912384200016,31.14219551618924,257.83313
1002,118.21912384200016,31.14219551618924,45.707882
1003,118.31912384200017,31.14219551618924,38.589657
1004,118.41912384200016,31.14219551618924,7.60022
1005,118.51912384200016,31.14219551618924,10.134381
1006,118.61912384200016,31.14219551618924,13.525103
1007,118.71912384200016,31.14219551618924,6.7016087
1008,118.81912384200017,31.14219551618924,7.1716657
1009,118.91912384200016,31.14219551618924,13.964233
1010,119.01912384200016,31.14219551618924,5.0
1011,119.11912384200016,31.14219551618924,9.959324
1012,119.21912384200016,31.14219551618924,23.46883
1013,119.31912384200017,31.14219551618924,107.18349
1014,119.41912384200016,31.14219551618924,344.92444
1015,119.51912384200016,31.14219551618924,506.3418
1016,119.61912384200016,31.14219551618924,204.48148
1017,119.71912384200016,31.14219551618924,531.74445
1018,119.81912384200017,31.14219551618924,131.94711
1019,119.91912384200016,31.14219551618924,30.635878
1020,120.01912384200016,31.14219551618924,0.5
1021,120.11912384200016,31.14219551618924,0.5
1022,120.21912384200016,31.14219551618924,0.5
1023,120.31912384200017,31.14219551618924,3.023791
1024,120.41912384200016,31.14219551618924,0.5
1025,120.51912384200016,31.14219551618924,3.339985
1026,120.61912384200016,31.14219551618924,3.7628195
1027,120.71912384200016,31.14219551618924,2.5430646
1028,120.81912384200017,31.14219551618924,2.438408
1029,120.91912384200016,31.14219551618924,0.0
1030,121.01912384200016,31.14219551618924,5.51588
1031,121.11912384200016,31.14219551618924,6.4530134
1032,121.21912384200016,31.14219551618924,2.7206638
1033,121.31912384200017,31.14219551618924,2.1695154
1034,121.41912384200016,31.14219551618924,7.0938506
1035,121.51912384200016,31.14219551618924,8.53032
1036,121.61912384200016,31.14219551618924,2.049783
1037,121.71912384200016,31.14219551618924,1.370091
1038,121.81912384200017,31.14219551618924,2.2769246
1049,116.41912384200016,31.24219551618924,239.08356
1050,116.51912384200016,31.24219551618924,599.8467
1051,116.61912384200016,31.24219551618924,85.68202
1052,116.71912384200016,31.24219551618924,109.94185
1053,116.81912384200017,31.24219551618924,316.2885
1054,116.91912384200016,31.24219551618924,258.66254
1055,117.01912384200016,31.24219551618924,112.5462
1056,117.11912384200016,31.24219551618924,86.5
1057,117.21912384200016,31.24219551618924,27.08399
1058,117.31912384200017,31.24219551618924,25.866722
1059,117.41912384200016,31.24219551618924,15.413076
1060,117.51912384200016,31.24219551618924,5.665978
1061,117.61912384200016,31.24219551618924,99.14909
1062,117.71912384200016,31.24219551618924,7.6119947
1063,117.81912384200017,31.24219551618924,13.108885
1064,117.91912384200016,31.24219551618924,7.5048723
1065,118.01912384200016,31.24219551618924,5.0
1066,118.11912384200016,31.24219551618924,8.713827
1067,118.21912384200016,31.24219551618924,8.359973
1068,118.31912384200017,31.24219551618924,4.968115
1069,118.41912384200016,31.24219551618924,5.0006037
1070,118.51912384200016,31.24219551618924,5.937185
1071,118.61912384200016,31.24219551618924,19.859364
1072,118.71912384200016,31.24219551618924,4.0
1073,118.81912384200017,31.24219551618924,4.7579975
1074,118.91912384200016,31.24219551618924,8.913808
1075,119.01912384200016,31.24219551618924,22.191126
1076,119.11912384200016,31.24219551618924,25.21801
1077,119.21912384200016,31.24219551618924,11.897773
1078,119.31912384200017,31.24219551618924,63.28234
1079,119.41912384200016,31.24219551618924,18.788145
1080,119.51912384200016,31.24219551618924,62.807816
1081,119.61912384200016,31.24219551618924,28.80533
1082,119.71912384200016,31.24219551618924,81.243515
1083,119.81912384200017,31.24219551618924,4.039194
1084,119.91912384200016,31.24219551618924,0.5
1085,120.01912384200016,31.24219551618924,0.5
1086,120.11912384200016,31.24219551618924,0.5
1087,120.21912384200016,31.24219551618924,0.5
1088,120.31912384200017,31.24219551618924,0.5
1089,120.41912384200016,31.24219551618924,5.2849717
1090,120.51912384200016,31.24219551618924,7.672411
1091,120.61912384200016,31.24219551618924,7.6270256
1092,120.71912384200016,31.24219551618924,2.2407086
1093,120.81912384200017,31.24219551618924,0.0
1094,120.91912384200016,31.24219551618924,0.0
1095,121.01912384200016,31.24219551618924,2.239452
1096,121.11912384200016,31.24219551618924,3.5044436
1097,121.21912384200016,31.24219551618924,6.0459876
1098,121.31912384200017,31.24219551618924,15.798623
1099,121.41912384200016,31.24219551618924,5.785242
1100,121.51912384200016,31.24219551618924,2.3303256
1101,121.61912384200016,31.24219551618924,2.397723
1102,121.71912384200016,31.24219551618924,6.527646
1103,121.81912384200017,31.24219551618924,1.6096808
1115,116.51912384200016,31.34219551618924,214.42245
1116,116.61912384200016,31.34219551618924,123.94853
1117,116.71912384200016,31.34219551618924,54.18002
1118,116.81912384200017,31.34219551618924,64.04405
1119,116.91912384200016,31.34219551618924,58.197365
1120,117.01912384200016,31.34219551618924,103.95338
1121,117.11912384200016,31.34219551618924,34.983944
1122,117.21912384200016,31.34219551618924,36.5
1123,117.31912384200017,31.34219551618924,32.522335
1124,117.41912384200016,31.34219551618924,38.202194
1125,117.51912384200016,31.34219551618924,7.2553215
1126,117.61912384200016,31.34219551618924,31.123423
1127,117.71912384200016,31.34219551618924,7.20531
1128,117.81912384200017,31.34219551618924,22.93996
1129,117.91912384200016,31.34219551618924,7.423489
1130,118.01912384200016,31.34219551618924,6.953825
1131,118.11912384200016,31.34219551618924,6.494537
1132,118.21912384200016,31.34219551618924,5.516154
1133,118.31912384200017,31.34219551618924,4.5
1134,118.41912384200016,31.34219551618924,7.5413804
1135,118.51912384200016,31.34219551618924,5.558784
1136,118.61912384200016,31.34219551618924,5.999435
1137,118.71912384200016,31.34219551618924,5.3772926
1138,118.81912384200017,31.34219551618924,4.0
1139,118.91912384200016,31.34219551618924,20.171015
1140,119.01912384200016,31.34219551618924,20.124817
1141,119.11912384200016,31.34219551618924,13.240029
1142,119.21912384200016,31.34219551618924,3.0
1143,119.31912384200017,31.34219551618924,11.639341
1144,119.41912384200016,31.34219551618924,19.476568
1145,119.51912384200016,31.34219551618924,3.4828491
1146,119.61912384200016,31.34219551618924,3.3729
1147,119.71912384200016,31.34219551618924,158.00702
1148,119.81912384200017,31.34219551618924,11.239557
1149,119.91912384200016,31.34219551618924,2.3889947
1150,120.01912384200016,31.34219551618924,0.5
1151,120.11912384200016,31.34219551618924,0.5
1152,120.21912384200016,31.34219551618924,0.5
1153,120.31912384200017,31.34219551618924,0.5
1154,120.41912384200016,31.34219551618924,2.1821487
1155,120.51912384200016,31.34219551618924,11.131261
1156,120.61912384200016,31.34219551618924,3.4831395
1157,120.71912384200016,31.34219551618924,8.789508
1158,120.81912384200017,31.34219551618924,5.510981
1159,120.91912384200016,31.34219551618924,5.73786
1160,121.01912384200016,31.34219551618924,2.4362946
1161,121.11912384200016,31.34219551618924,1.7100351
1162,121.21912384200016,31.34219551618924,2.8851979
1163,121.31912384200017,31.34219551618924,4.1897936
1164,121.41912384200016,31.34219551618924,5.2992573
1165,121.51912384200016,31.34219551618924,3.1028094
1166,121.61912384200016,31.34219551618924,4.131791
1167,121.71912384200016,31.34219551618924,0.0
1179,116.41912384200016,31.44219551618924,88.457726
1180,116.51912384200016,31.44219551618924,130.6157
1181,116.61912384200016,31.44219551618924,88.06775
1182,116.71912384200016,31.44219551618924,44.487797
1183,116.81912384200017,31.44219551618924,37.04867
1184,116.91912384200016,31.44219551618924,21.540228
1185,117.01912384200016,31.44219551618924,27.437857
1186,117.11912384200016,31.44219551618924,20.360012
1187,117.21912384200016,31.44219551618924,7.7599025
1188,117.31912384200017,31.44219551618924,4.238459
1189,117.41912384200016,31.44219551618924,25.148314
1190,117.51912384200016,31.44219551618924,6.5
1191,117.61912384200016,31.44219551618924,9.125542
1192,117.71912384200016,31.44219551618924,22.682598
1193,117.81912384200017,31.44219551618924,69.39399
1194,117.91912384200016,31.44219551618924,8.770252
1195,118.01912384200016,31.44219551618924,5.9925327
1196,118.11912384200016,31.44219551618924,6.215643
1197,118.21912384200016,31.44219551618924,6.518398
1198,118.31912384200017,31.44219551618924,2.0
1199,118.41912384200016,31.44219551618924,8.13536
1200,118.51912384200016,31.44219551618924,7.539656
1201,118.61912384200016,31.44219551618924,7.4003034
1202,118.71912384200016,31.44219551618924,4.5
1203,118.81912384200017,31.44219551618924,1.6953717
1204,118.91912384200016,31.44219551618924,0.0
1205,119.01912384200016,31.44219551618924,34.65365
1206,119.11912384200016,31.44219551618924,42.049664
1207,119.21912384200016,31.44219551618924,24.659912
1208,119.31912384200017,31.44219551618924,2.4022062
1209,119.41912384200016,31.44219551618924,3.6199315
1210,119.51912384200016,31.44219551618924,2.8807845
1211,119.61912384200016,31.44219551618924,2.95858
1212,119.71912384200016,31.44219551618924,0.5
1213,119.81912384200017,31.44219551618924,7.537017
1214,119.91912384200016,31.44219551618924,4.13136
1215,120.01912384200016,31.44219551618924,0.40435338
1216,120.11912384200016,31.44219551618924,91.377365
1217,120.21912384200016,31.44219551618924,28.304714
1218,120.31912384200017,31.44219551618924,0.5
1219,120.41912384200016,31.44219551618924,5.5260296
1220,120.51912384200016,31.44219551618924,14.841016
1221,120.61912384200016,31.44219551618924,0.5
1222,120.71912384200016,31.44219551618924,2.9897506
1223,120.81912384200017,31.44219551618924,0.0
1224,120.91912384200016,31.44219551618924,3.1839392
1225,121.01912384200016,31.44219551618924,1.7956028
1226,121.11912384200016,31.44219551618924,4.097306
1227,121.21912384200016,31.44219551618924,2.4463165
1228,121.31912384200017,31.44219551618924,6.1399484
1229,121.41912384200016,31.44219551618924,2.3653774
1230,121.51912384200016,31.44219551618924,0.0
1244,116.41912384200016,31.542195516189235,112.94875
1245,116.51912384200016,31.542195516189235,65.57807
1246,116.61912384200016,31.542195516189235,49.0
1247,116.71912384200016,31.542195516189235,28.122763
1248,116.81912384200017,31.542195516189235,30.950891
1249,116.91912384200016,31.542195516189235,15.231687
1250,117.01912384200016,31.542195516189235,14.394636
1251,117.11912384200016,31.542195516189235,14.004513
1252,117.21912384200016,31.542195516189235,7.297482
1253,117.31912384200017,31.542195516189235,8.15197
1254,117.41912384200016,31.542195516189235,6.5
1255,117.51912384200016,31.542195516189235,6.5
1256,117.61912384200016,31.542195516189235,6.5
1257,117.71912384200016,31.542195516189235,6.5
1258,117.81912384200017,31.542195516189235,228.5981
1259,117.91912384200016,31.542195516189235,8.313531
1260,118.01912384200016,31.542195516189235,69.9976
1261,118.11912384200016,31.542195516189235,5.4617805
1262,118.21912384200016,31.542195516189235,5.3894205
1263,118.31912384200017,31.542195516189235,5.647516
1264,118.41912384200016,31.542195516189235,6.1444716
1265,118.51912384200016,31.542195516189235,12.160504
1266,118.61912384200016,31.542195516189235,6.1298976
1267,118.71912384200016,31.542195516189235,4.8105683
1268,118.81912384200017,31.542195516189235,14.280938
1269,118.91912384200016,31.542195516189235,7.302327
1270,119.01912384200016,31.542195516189235,18.571268
1271,119.11912384200016,31.542195516189235,92.16736
1272,119.21912384200016,31.542195516189235,25.36293
1273,119.31912384200017,31.542195516189235,12.177036
1274,119.41912384200016,31.542195516189235,2.924327
1275,119.51912384200016,31.542195516189235,2.2186182
1276,119.61912384200016,31.542195516189235,6.275355
1277,119.71912384200016,31.542195516189235,4.669898
1278,119.81912384200017,31.542195516189235,0.5
1279,119.91912384200016,31.542195516189235,4.706998
1280,120.01912384200016,31.542195516189235,40.05569
1281,120.11912384200016,31.542195516189235,2.503571
1282,120.21912384200016,31.542195516189235,0.5
1283,120.31912384200017,31.542195516189235,16.863514
1284,120.41912384200016,31.542195516189235,6.840902
1285,120.51912384200016,31.542195516189235,4.4772477
1286,120.61912384200016,31.542195516189235,1.5
1287,120.71912384200016,31.542195516189235,1.5
1288,120.81912384200017,31.542195516189235,0.0
1289,120.91912384200016,31.542195516189235,2.510442
1290,121.01912384200016,31.542195516189235,5.663149
1291,121.11912384200016,31.542195516189235,2.9731088
1292,121.21912384200016,31.542195516189235,2.617102
1293,121.31912384200017,31.542195516189235,0.0
1310,116.51912384200016,31.64219551618924,73.54038
1311,116.61912384200016,31.64219551618924,35.85445
1312,116.71912384200016,31.64219551618924,44.566517
1313,116.81912384200017,31.64219551618924,38.816597
1314,116.91912384200016,31.64219551618924,23.944035
1315,117.01912384200016,31.64219551618924,39.05866
1316,117.11912384200016,31.64219551618924,22.873137
1317,117.21912384200016,31.64219551618924,15.571367
1318,117.31912384200017,31.64219551618924,6.5
1319,117.41912384200016,31.64219551618924,6.5
1320,117.51912384200016,31.64219551618924,30.18605
1321,117.61912384200016,31.64219551618924,20.490158
1322,117.71912384200016,31.64219551618924,6.5
1323,117.81912384200017,31.64219551618924,20.098705
1324,117.91912384200016,31.64219551618924,8.742983
1325,118.01912384200016,31.64219551618924,25.776688
1326,118.11912384200016,31.64219551618924,190.54944
1327,118.21912384200016,31.64219551618924,8.31816
1328,118.31912384200017,31.64219551618924,8.499648
1329,118.41912384200016,31.64219551618924,6.3878784
1330,118.51912384200016,31.64219551618924,16.543312
1331,118.61912384200016,31.64219551618924,49.2564
1332,118.71912384200016,31.64219551618924,13.837166
1333,118.81912384200017,31.64219551618924,105.284836
1334,118.91912384200016,31.64219551618924,16.901417
1335,119.01912384200016,31.64219551618924,16.154066
1336,119.11912384200016,31.64219551618924,243.225
1337,119.21912384200016,31.64219551618924,66.33313
1338,119.31912384200017,31.64219551618924,44.26716
1339,119.41912384200016,31.64219551618924,3.4609606
1340,119.51912384200016,31.64219551618924,1.3106681
1341,119.61912384200016,31.64219551618924,5.4980907
1342,119.71912384200016,31.64219551618924,5.6084623
1343,119.81912384200017,31.64219551618924,0.5
1344,119.91912384200016,31.64219551618924,6.115052
1345,120.01912384200016,31.64219551618924,2.1631112
1346,120.11912384200016,31.64219551618924,2.9600296
1347,120.21912384200016,31.64219551618924,3.2820246
1348,120.31912384200017,31.64219551618924,5.93547
1349,120.41912384200016,31.64219551618924,8.460264
1350,120.51912384200016,31.64219551618924,6.8451366
1351,120.61912384200016,31.64219551618924,2.0
1352,120.71912384200016,31.64219551618924,7.819234
1353,120.81912384200017,31.64219551618924,2.5844624
1354,120.91912384200016,31.64219551618924,4.5158134
1355,121.01912384200016,31.64219551618924,3.763514
1356,121.11912384200016,31.64219551618924,2.2113466
1357,121.21912384200016,31.64219551618924,5.709007
1363,121.81912384200017,31.64219551618924,0.0
1364,121.91912384200016,31.64219551618924,0.0
1376,116.61912384200016,31.74219551618924,54.612713
1377,116.71912384200016,31.74219551618924,76.08416
1378,116.81912384200017,31.74219551618924,77.000404
1379,116.91912384200016,31.74219551618924,78.22841
1380,117.01912384200016,31.74219551618924,57.350708
1381,117.11912384200016,31.74219551618924,22.66515
1382,117.21912384200016,31.74219551618924,26.489937
1383,117.31912384200017,31.74219551618924,20.030996
1384,117.41912384200016,31.74219551618924,6.7310357
1385,117.51912384200016,31.74219551618924,31.5906
1386,117.61912384200016,31.74219551618924,33.69933
1387,117.71912384200016,31.74219551618924,18.236288
1388,117.81912384200017,31.74219551618924,28.97884
1389,117.91912384200016,31.74219551618924,40.130726
1390,118.01912384200016,31.74219551618924,53.064278
1391,118.11912384200016,31.74219551618924,13.920822
1392,118.21912384200016,31.74219551618924,13.502159
1393,118.31912384200017,31.74219551618924,14.550616
1394,118.41912384200016,31.74219551618924,4.0
1395,118.51912384200016,31.74219551618924,10.532347
1396,118.61912384200016,31.74219551618924,22.55507
1397,118.71912384200016,31.74219551618924,181.86475
1398,118.81912384200017,31.74219551618924,5.389138
1399,118.91912384200016,31.74219551618924,8.35232
1400,119.01912384200016,31.74219551618924,8.7223835
1401,119.11912384200016,31.74219551618924,20.233986
1402,119.21912384200016,31.74219551618924,28.194273
1403,119.31912384200017,31.74219551618924,23.5
1404,119.41912384200016,31.74219551618924,12.366905
1405,119.51912384200016,31.74219551618924,5.5692816
1406,119.61912384200016,31.74219551618924,9.770527
1407,119.71912384200016,31.74219551618924,7.8383827
1408,119.81912384200017,31.74219551618924,5.0132384
1409,119.91912384200016,31.74219551618924,2.616325
1410,120.01912384200016,31.74219551618924,4.974136
1411,120.11912384200016,31.74219551618924,1.4229196
1412,120.21912384200016,31.74219551618924,0.95191216
1413,120.31912384200017,31.74219551618924,4.6441064
1414,120.41912384200016,31.74219551618924,5.390627
1415,120.51912384200016,31.74219551618924,3.2535691
1416,120.61912384200016,31.74219551618924,4.9990544
1417,120.71912384200016,31.74219551618924,4.6313114
1418,120.81912384200017,31.74219551618924,5.010282
1419,120.91912384200016,31.74219551618924,7.015096
1420,121.01912384200016,31.74219551618924,5.4782
1421,121.11912384200016,31.74219551618924,0.0
1425,121.51912384200016,31.74219551618924,2.6926143
1426,121.61912384200016,31.74219551618924,0.0
1427,121.71912384200016,31.74219551618924,2.4424458
1428,121.81912384200017,31.74219551618924,2.6991792
1429,121.91912384200016,31.74219551618924,1.5
1443,116.81912384200017,31.84219551618924,55.732746
1444,116.91912384200016,31.84219551618924,45.503254
1445,117.01912384200016,31.84219551618924,37.0
1446,117.11912384200016,31.84219551618924,43.527252
1447,117.21912384200016,31.84219551618924,46.94218
1448,117.31912384200017,31.84219551618924,14.602637
1449,117.41912384200016,31.84219551618924,9.444598
1450,117.51912384200016,31.84219551618924,24.925932
1451,117.61912384200016,31.84219551618924,69.60865
1452,117.71912384200016,31.84219551618924,26.885744
1453,117.81912384200017,31.84219551618924,160.5366
1454,117.91912384200016,31.84219551618924,160.8867
1455,118.01912384200016,31.84219551618924,9.404641
1456,118.11912384200016,31.84219551618924,31.60717
1457,118.21912384200016,31.84219551618924,72.0
1458,118.31912384200017,31.84219551618924,19.283604
1459,118.41912384200016,31.84219551618924,10.386079
1460,118.51912384200016,31.84219551618924,6.191137
1461,118.61912384200016,31.84219551618924,8.03816
1462,118.71912384200016,31.84219551618924,46.607468
1463,118.81912384200017,31.84219551618924,9.565798
1464,118.91912384200016,31.84219551618924,6.3904705
1465,119.01912384200016,31.84219551618924,7.0064893
1466,119.11912384200016,31.84219551618924,4.5
1467,119.21912384200016,31.84219551618924,26.233835
1468,119.31912384200017,31.84219551618924,83.74797
1469,119.41912384200016,31.84219551618924,3.9788282
1470,119.51912384200016,31.84219551618924,2.5
1471,119.61912384200016,31.84219551618924,6.1519217
1472,119.71912384200016,31.84219551618924,6.0400395
1473,119.81912384200017,31.84219551618924,5.5166802
1474,119.91912384200016,31.84219551618924,7.5695806
1475,120.01912384200016,31.84219551618924,2.8988175
1476,120.11912384200016,31.84219551618924,6.452655
1477,120.21912384200016,31.84219551618924,2.8834772
1478,120.31912384200017,31.84219551618924,7.611428
1479,120.41912384200016,31.84219551618924,9.224315
1480,120.51912384200016,31.84219551618924,5.27764
1481,120.61912384200016,31.84219551618924,4.9751887
1482,120.71912384200016,31.84219551618924,5.2218323
1483,120.81912384200017,31.84219551618924,4.467121
1484,120.91912384200016,31.84219551618924,0.0
1485,121.01912384200016,31.84219551618924,2.6071515
1486,121.11912384200016,31.84219551618924,0.0
1487,121.21912384200016,31.84219551618924,3.6672363
1488,121.31912384200017,31.84219551618924,2.6075132
1489,121.41912384200016,31.84219551618924,4.8897996
1490,121.51912384200016,31.84219551618924,2.6082063
1491,121.61912384200016,31.84219551618924,2.906296
1492,121.71912384200016,31.84219551618924,2.7941108
1493,121.81912384200017,31.84219551618924,2.9748251
1494,121.91912384200016,31.84219551618924,0.0
1510,117.01912384200016,31.94219551618924,56.890865
1511,117.11912384200016,31.94219551618924,36.14907
1512,117.21912384200016,31.94219551618924,26.054216
1513,117.31912384200017,31.94219551618924,37.17696
1514,117.41912384200016,31.94219551618924,34.798786
1515,117.51912384200016,31.94219551618924,44.331192
1516,117.61912384200016,31.94219551618924,37.287823
1517,117.71912384200016,31.94219551618924,84.86823
1518,117.81912384200017,31.94219551618924,21.15062
1519,117.91912384200016,31.94219551618924,25.031502
1520,118.01912384200016,31.94219551618924,20.348768
1521,118.11912384200016,31.94219551618924,9.368261
1522,118.21912384200016,31.94219551618924,6.939245
1523,118.31912384200017,31.94219551618924,28.738304
1524,118.41912384200016,31.94219551618924,21.023825
1525,118.51912384200016,31.94219551618924,6.6240225
1526,118.61912384200016,31.94219551618924,4.1954703
1527,118.71912384200016,31.94219551618924,27.944944
1528,118.81912384200017,31.94219551618924,10.747507
1529,118.91912384200016,31.94219551618924,32.9663
1530,119.01912384200016,31.94219551618924,23.751835
1531,119.11912384200016,31.94219551618924,11.141094
1532,119.21912384200016,31.94219551618924,41.307953
1533,119.31912384200017,31.94219551618924,25.236609
1534,119.41912384200016,31.94219551618924,4.6844444
1535,119.51912384200016,31.94219551618924,4.9352365
1536,119.61912384200016,31.94219551618924,5.7369337
1537,119.71912384200016,31.94219551618924,6.5200744
1538,119.81912384200017,31.94219551618924,7.6370115
1539,119.91912384200016,31.94219551618924,5.3735247
1540,120.01912384200016,31.94219551618924,5.755927
1541,120.11912384200016,31.94219551618924,0.0
1542,120.21912384200016,31.94219551618924,0.0
1543,120.31912384200017,31.94219551618924,10.905447
1544,120.41912384200016,31.94219551618924,3.6536844
1545,120.51912384200016,31.94219551618924,3.5675125
1546,120.61912384200016,31.94219551618924,2.9240947
1547,120.71912384200016,31.94219551618924,2.512323
1548,120.81912384200017,31.94219551618924,0.0
1549,120.91912384200016,31.94219551618924,4.358428
1550,121.01912384200016,31.94219551618924,3.5097988
1551,121.11912384200016,31.94219551618924,4.789423
1552,121.21912384200016,31.94219551618924,3.509367
1553,121.31912384200017,31.94219551618924,3.913312
1554,121.41912384200016,31.94219551618924,2.6007895
1555,121.51912384200016,31.94219551618924,3.2600884
1556,121.61912384200016,31.94219551618924,2.3906205
1557,121.71912384200016,31.94219551618924,2.6899655
1558,121.81912384200017,31.94219551618924,2.0
1575,117.01912384200016,32.04219551618924,61.917175
1576,117.11912384200016,32.04219551618924,60.678783
1577,117.21912384200016,32.04219551618924,65.608
1578,117.31912384200017,32.04219551618924,48.493225
1579,117.41912384200016,32.04219551618924,40.5
1580,117.51912384200016,32.04219551618924,43.5
1581,117.61912384200016,32.04219551618924,45.21378
1582,117.71912384200016,32.04219551618924,27.313295
1583,117.81912384200017,32.04219551618924,36.3117
1584,117.91912384200016,32.04219551618924,47.175606
1585,118.01912384200016,32.04219551618924,37.853622
1586,118.11912384200016,32.04219551618924,44.49295
1587,118.21912384200016,32.04219551618924,25.266054
1588,118.31912384200017,32.04219551618924,8.17576
1589,118.41912384200016,32.04219551618924,51.216133
1590,118.51912384200016,32.04219551618924,73.06927
1591,118.61912384200016,32.04219551618924,5.658434
1592,118.71912384200016,32.04219551618924,9.781749
1593,118.81912384200017,32.04219551618924,16.430082
1594,118.91912384200016,32.04219551618924,17.823004
1595,119.01912384200016,32.04219551618924,116.7153
1596,119.11912384200016,32.04219551618924,65.901855
1597,119.21912384200016,32.04219551618924,47.7176
1598,119.31912384200017,32.04219551618924,44.02762
1599,119.41912384200016,32.04219551618924,21.85449
1600,119.51912384200016,32.04219551618924,12.409285
1601,119.61912384200016,32.04219551618924,18.074377
1602,119.71912384200016,32.04219551618924,8.876395
1603,119.81912384200017,32.04219551618924,50.000202
1604,119.91912384200016,32.04219551618924,5.9515843
1605,120.01912384200016,32.04219551618924,2.8496072
1606,120.11912384200016,32.04219551618924,6.5366783
1607,120.21912384200016,32.04219551618924,3.711966
1608,120.31912384200017,32.04219551618924,3.2467957
1609,120.41912384200016,32.04219551618924,0.0
1610,120.51912384200016,32.04219551618924,0.0
1611,120.61912384200016,32.04219551618924,3.350135
1612,120.71912384200016,32.04219551618924,3.627653
1613,120.81912384200017,32.04219551618924,6.8567195
1614,120.91912384200016,32.04219551618924,0.5
1615,121.01912384200016,32.04219551618924,5.5113664
1616,121.11912384200016,32.04219551618924,3.9720678
1617,121.21912384200016,32.04219551618924,3.9557827
1618,121.31912384200017,32.04219551618924,4.1636662
1619,121.41912384200016,32.04219551618924,3.809899
1620,121.51912384200016,32.04219551618924,4.0168796
1621,121.61912384200016,32.04219551618924,4.0545235
1622,121.71912384200016,32.04219551618924,2.0
1641,117.11912384200016,32.14219551618923,49.5
1642,117.21912384200016,32.14219551618923,49.24321
1643,117.31912384200017,32.14219551618923,81.006836
1644,117.41912384200016,32.14219551618923,75.04354
1645,117.51912384200016,32.14219551618923,71.45664
1646,117.61912384200016,32.14219551618923,67.334114
1647,117.71912384200016,32.14219551618923,51.391922
1648,117.81912384200017,32.14219551618923,40.77172
1649,117.91912384200016,32.14219551618923,103.97903
1650,118.01912384200016,32.14219551618923,76.11226
1651,118.11912384200016,32.14219551618923,66.85771
1652,118.21912384200016,32.14219551618923,28.115503
1653,118.31912384200017,32.14219551618923,12.06989
1654,118.41912384200016,32.14219551618923,14.268731
1655,118.51912384200016,32.14219551618923,6.406415
1656,118.61912384200016,32.14219551618923,36.980537
1657,118.71912384200016,32.14219551618923,7.8650036
1658,118.81912384200017,32.14219551618923,11.266838
1659,118.91912384200016,32.14219551618923,16.144592
1660,119.01912384200016,32.14219551618923,14.042832
1661,119.11912384200016,32.14219551618923,61.11193
1662,119.21912384200016,32.14219551618923,39.53241
1663,119.31912384200017,32.14219551618923,9.616449
1664,119.41912384200016,32.14219551618923,78.326805
1665,119.51912384200016,32.14219551618923,17.686684
1666,119.61912384200016,32.14219551618923,29.934746
1667,119.71912384200016,32.14219551618923,13.444732
1668,119.81912384200017,32.14219551618923,2.7688603
1669,119.91912384200016,32.14219551618923,5.3359075
1670,120.01912384200016,32.14219551618923,4.9031525
1671,120.11912384200016,32.14219551618923,4.0790977
1672,120.21912384200016,32.14219551618923,6.294427
1673,120.31912384200017,32.14219551618923,4.103407
1674,120.41912384200016,32.14219551618923,5.566851
1675,120.51912384200016,32.14219551618923,5.80495
1676,120.61912384200016,32.14219551618923,3.1060321
1677,120.71912384200016,32.14219551618923,5.29923
1678,120.81912384200017,32.14219551618923,4.879237
1679,120.91912384200016,32.14219551618923,4.120124
1680,121.01912384200016,32.14219551618923,4.8220677
1681,121.11912384200016,32.14219551618923,4.8751144
1682,121.21912384200016,32.14219551618923,3.0
1683,121.31912384200017,32.14219551618923,3.3410041
1684,121.41912384200016,32.14219551618923,2.876154
1685,121.51912384200016,32.14219551618923,0.0
1712,117.71912384200016,32.24219551618924,38.660973
1713,117.81912384200017,32.24219551618924,61.24427
1714,117.91912384200016,32.24219551618924,89.201805
1715,118.01912384200016,32.24219551618924,65.9425
1716,118.11912384200016,32.24219551618924,143.64624
1717,118.21912384200016,32.24219551618924,57.48783
1718,118.31912384200017,32.24219551618924,30.599371
1719,118.41912384200016,32.24219551618924,9.805321
1720,118.51912384200016,32.24219551618924,6.3507905
1721,118.61912384200016,32.24219551618924,4.615319
1722,118.71912384200016,32.24219551618924,10.630777
1723,118.81912384200017,32.24219551618924,7.920868
1724,118.91912384200016,32.24219551618924,3.4590337
1725,119.01912384200016,32.24219551618924,3.939106
1726,119.11912384200016,32.24219551618924,3.4220831
1727,119.21912384200016,32.24219551618924,8.952345
1728,119.31912384200017,32.24219551618924,24.991648
1729,119.41912384200016,32.24219551618924,5.132708
1730,119.51912384200016,32.24219551618924,0.0
1731,119.61912384200016,32.24219551618924,0.0
1732,119.71912384200016,32.24219551618924,0.0
1733,119.81912384200017,32.24219551618924,6.771628
1734,119.91912384200016,32.24219551618924,3.1800838
1735,120.01912384200016,32.24219551618924,6.52823
1736,120.11912384200016,32.24219551618924,4.8041534
1737,120.21912384200016,32.24219551618924,6.273263
1738,120.31912384200017,32.24219551618924,6.1615877
1739,120.41912384200016,32.24219551618924,6.4053025
1740,120.51912384200016,32.24219551618924,7.608798
1741,120.61912384200016,32.24219551618924,4.846132
1742,120.71912384200016,32.24219551618924,5.0881786
1743,120.81912384200017,32.24219551618924,3.8444893
1744,120.91912384200016,32.24219551618924,4.204467
1745,121.01912384200016,32.24219551618924,4.2120094
1746,121.11912384200016,32.24219551618924,4.4194956
1747,121.21912384200016,32.24219551618924,3.768387
1748,121.31912384200017,32.24219551618924,3.2409446
1749,121.41912384200016,32.24219551618924,4.065455
1779,117.91912384200016,32.34219551618924,60.3546
1780,118.01912384200016,32.34219551618924,136.92784
1781,118.11912384200016,32.34219551618924,43.33627
1782,118.21912384200016,32.34219551618924,39.112553
1783,118.31912384200017,32.34219551618924,19.882732
1784,118.41912384200016,32.34219551618924,15.059004
1785,118.51912384200016,32.34219551618924,30.78216
1786,118.61912384200016,32.34219551618924,13.836761
1787,118.71912384200016,32.34219551618924,8.530839
1788,118.81912384200017,32.34219551618924,4.7531796
1789,118.91912384200016,32.34219551618924,10.418009
1790,119.01912384200016,32.34219551618924,57.68952
1791,119.11912384200016,32.34219551618924,10.907702
1792,119.21912384200016,32.34219551618924,24.23597
1793,119.31912384200017,32.34219551618924,6.5535393
1794,119.41912384200016,32.34219551618924,5.2372427
1797,119.71912384200016,32.34219551618924,2.924693
1798,119.81912384200017,32.34219551618924,3.8412945
1799,119.91912384200016,32.34219551618924,8.675224
1800,120.01912384200016,32.34219551618924,5.593053
1801,120.11912384200016,32.34219551618924,5.204051
1802,120.21912384200016,32.34219551618924,4.9492593
1803,120.31912384200017,32.34219551618924,4.825145
1804,120.41912384200016,32.34219551618924,5.3089724
1805,120.51912384200016,32.34219551618924,5.632824
1806,120.61912384200016,32.34219551618924,7.5787716
1807,120.71912384200016,32.34219551618924,5.410869
1808,120.81912384200017,32.34219551618924,5.0267816
1809,120.91912384200016,32.34219551618924,4.588998
1810,121.01912384200016,32.34219551618924,5.7013254
1811,121.11912384200016,32.34219551618924,3.8031087
1812,121.21912384200016,32.34219551618924,3.941842
1845,118.01912384200016,32.44219551618923,103.70772
1846,118.11912384200016,32.44219551618923,115.34097
1847,118.21912384200016,32.44219551618923,25.548613
1848,118.31912384200017,32.44219551618923,45.67949
1849,118.41912384200016,32.44219551618923,27.257587
1850,118.51912384200016,32.44219551618923,46.532104
1851,118.61912384200016,32.44219551618923,17.060202
1852,118.71912384200016,32.44219551618923,22.5
1853,118.81912384200017,32.44219551618923,47.597046
1854,118.91912384200016,32.44219551618923,18.58392
1855,119.01912384200016,32.44219551618923,34.941544
1856,119.11912384200016,32.44219551618923,49.44813
1857,119.21912384200016,32.44219551618923,14.466501
1858,119.31912384200017,32.44219551618923,22.852623
1862,119.71912384200016,32.44219551618923,5.74493
1863,119.81912384200017,32.44219551618923,6.005569
1864,119.91912384200016,32.44219551618923,4.925604
1865,120.01912384200016,32.44219551618923,4.167352
1866,120.11912384200016,32.44219551618923,6.666402
1867,120.21912384200016,32.44219551618923,6.1148376
1868,120.31912384200017,32.44219551618923,4.774922
1869,120.41912384200016,32.44219551618923,3.9359093
1870,120.51912384200016,32.44219551618923,4.8197846
1911,118.11912384200016,32.54219551618924,76.58701
1912,118.21912384200016,32.54219551618924,60.024597
1913,118.31912384200017,32.54219551618924,62.019077
1914,118.41912384200016,32.54219551618924,44.19209
1915,118.51912384200016,32.54219551618924,102.47116
1916,118.61912384200016,32.54219551618924,29.971638
1917,118.71912384200016,32.54219551618924,28.263277
1918,118.81912384200017,32.54219551618924,39.12276
1919,118.91912384200016,32.54219551618924,37.53829
1920,119.01912384200016,32.54219551618924,40.13404
1931,120.11912384200016,32.54219551618924,5.432818
1932,120.21912384200016,32.54219551618924,4.2171836
1933,120.31912384200017,32.54219551618924,4.4117074
1935,120.51912384200016,32.54219551618924,4.910244
1977,118.21912384200016,32.64219551618923,119.57018
1978,118.31912384200017,32.64219551618923,229.1312
1979,118.41912384200016,32.64219551618923,112.43651
1980,118.51912384200016,32.64219551618923,109.67641
1981,118.61912384200016,32.64219551618923,38.19096
1982,118.71912384200016,32.64219551618923,46.165707
2043,118.31912384200017,32.74219551618924,79.48839
2044,118.41912384200016,32.74219551618924,76.30558
2045,118.51912384200016,32.74219551618924,65.00741
